forecast_date,forecast_growth,source_file,pred_direction,realized_direction,hit,source,forecaster_id,variable_native,variable_canonical,horizon_native
1967-03-29,1.0,gRGDP_1967_1984.xlsx,no_change,improve,0.0,greenbook,fed_staff,gRGDP,real_gdp,+1..+4Q
1967-04-26,4.1,gRGDP_1967_1984.xlsx,improve,improve,1.0,greenbook,fed_staff,gRGDP,real_gdp,+1..+4Q
1967-05-17,4.7,gRGDP_1967_1984.xlsx,improve,improve,1.0,greenbook,fed_staff,gRGDP,real_gdp,+1..+4Q
1967-06-14,4.5,gRGDP_1967_1984.xlsx,improve,improve,1.0,greenbook,fed_staff,gRGDP,real_gdp,+1..+4Q
1967-07-17,,gRGDP_1967_1984.xlsx,,improve,,greenbook,fed_staff,gRGDP,real_gdp,+1..+4Q
1967-08-09,4.5,gRGDP_1967_1984.xlsx,improve,improve,1.0,greenbook,fed_staff,gRGDP,real_gdp,+1..+4Q
1967-09-07,6.4,gRGDP_1967_1984.xlsx,improve,improve,1.0,greenbook,fed_staff,gRGDP,real_gdp,+1..+4Q
1967-09-27,6.4,gRGDP_1967_1984.xlsx,improve,improve,1.0,greenbook,fed_staff,gRGDP,real_gdp,+1..+4Q
1967-10-18,,gRGDP_1967_1984.xlsx,,improve,,greenbook,fed_staff,gRGDP,real_gdp,+1..+4Q
1967-11-08,,gRGDP_1967_1984.xlsx,,improve,,greenbook,fed_staff,gRGDP,real_gdp,+1..+4Q
1967-12-06,6.2,gRGDP_1967_1984.xlsx,improve,improve,1.0,greenbook,fed_staff,gRGDP,real_gdp,+1..+4Q
1968-01-04,,gRGDP_1967_1984.xlsx,,improve,,greenbook,fed_staff,gRGDP,real_gdp,+1..+4Q
1968-01-31,,gRGDP_1967_1984.xlsx,,improve,,greenbook,fed_staff,gRGDP,real_gdp,+1..+4Q
1968-02-06,3.233333333333333,gRGDP_1967_1984.xlsx,improve,improve,1.0,greenbook,fed_staff,gRGDP,real_gdp,+1..+4Q
1968-02-28,5.5,gRGDP_1967_1984.xlsx,improve,improve,1.0,greenbook,fed_staff,gRGDP,real_gdp,+1..+4Q
1968-03-27,4.9,gRGDP_1967_1984.xlsx,improve,improve,1.0,greenbook,fed_staff,gRGDP,real_gdp,+1..+4Q
1968-04-24,,gRGDP_1967_1984.xlsx,,improve,,greenbook,fed_staff,gRGDP,real_gdp,+1..+4Q
1968-05-22,,gRGDP_1967_1984.xlsx,,improve,,greenbook,fed_staff,gRGDP,real_gdp,+1..+4Q
1968-06-12,1.8,gRGDP_1967_1984.xlsx,improve,improve,1.0,greenbook,fed_staff,gRGDP,real_gdp,+1..+4Q
1968-07-10,,gRGDP_1967_1984.xlsx,,improve,,greenbook,fed_staff,gRGDP,real_gdp,+1..+4Q
1968-08-07,0.8,gRGDP_1967_1984.xlsx,no_change,improve,0.0,greenbook,fed_staff,gRGDP,real_gdp,+1..+4Q
1968-09-04,0.4,gRGDP_1967_1984.xlsx,no_change,improve,0.0,greenbook,fed_staff,gRGDP,real_gdp,+1..+4Q
1968-10-02,,gRGDP_1967_1984.xlsx,,improve,,greenbook,fed_staff,gRGDP,real_gdp,+1..+4Q
1968-10-23,,gRGDP_1967_1984.xlsx,,improve,,greenbook,fed_staff,gRGDP,real_gdp,+1..+4Q
1968-11-20,2.45,gRGDP_1967_1984.xlsx,improve,improve,1.0,greenbook,fed_staff,gRGDP,real_gdp,+1..+4Q
1968-12-11,2.55,gRGDP_1967_1984.xlsx,improve,no_change,0.0,greenbook,fed_staff,gRGDP,real_gdp,+1..+4Q
1969-01-08,1.5,gRGDP_1967_1984.xlsx,improve,no_change,0.0,greenbook,fed_staff,gRGDP,real_gdp,+1..+4Q
1969-01-29,1.5,gRGDP_1967_1984.xlsx,improve,no_change,0.0,greenbook,fed_staff,gRGDP,real_gdp,+1..+4Q
1969-02-26,1.8,gRGDP_1967_1984.xlsx,improve,no_change,0.0,greenbook,fed_staff,gRGDP,real_gdp,+1..+4Q
1969-03-26,2.4,gRGDP_1967_1984.xlsx,improve,no_change,0.0,greenbook,fed_staff,gRGDP,real_gdp,+1..+4Q
1969-04-23,1.55,gRGDP_1967_1984.xlsx,improve,no_change,0.0,greenbook,fed_staff,gRGDP,real_gdp,+1..+4Q
1969-05-21,1.5,gRGDP_1967_1984.xlsx,improve,no_change,0.0,greenbook,fed_staff,gRGDP,real_gdp,+1..+4Q
1969-06-18,1.25,gRGDP_1967_1984.xlsx,improve,worsen,0.0,greenbook,fed_staff,gRGDP,real_gdp,+1..+4Q
1969-07-09,0.13333333333333333,gRGDP_1967_1984.xlsx,no_change,worsen,0.0,greenbook,fed_staff,gRGDP,real_gdp,+1..+4Q
1969-08-06,0.10000000000000005,gRGDP_1967_1984.xlsx,no_change,worsen,0.0,greenbook,fed_staff,gRGDP,real_gdp,+1..+4Q
1969-09-04,0.2333333333333333,gRGDP_1967_1984.xlsx,no_change,worsen,0.0,greenbook,fed_staff,gRGDP,real_gdp,+1..+4Q
1969-10-01,-0.2,gRGDP_1967_1984.xlsx,no_change,worsen,0.0,greenbook,fed_staff,gRGDP,real_gdp,+1..+4Q
1969-10-22,-0.45,gRGDP_1967_1984.xlsx,no_change,worsen,0.0,greenbook,fed_staff,gRGDP,real_gdp,+1..+4Q
1969-11-19,1.175,gRGDP_1967_1984.xlsx,improve,worsen,0.0,greenbook,fed_staff,gRGDP,real_gdp,+1..+4Q
1969-12-10,1.225,gRGDP_1967_1984.xlsx,improve,worsen,0.0,greenbook,fed_staff,gRGDP,real_gdp,+1..+4Q
1970-01-07,1.5999999999999999,gRGDP_1967_1984.xlsx,improve,no_change,0.0,greenbook,fed_staff,gRGDP,real_gdp,+1..+4Q
1970-02-04,1.3,gRGDP_1967_1984.xlsx,improve,no_change,0.0,greenbook,fed_staff,gRGDP,real_gdp,+1..+4Q
1970-03-04,1.2666666666666666,gRGDP_1967_1984.xlsx,improve,no_change,0.0,greenbook,fed_staff,gRGDP,real_gdp,+1..+4Q
1970-04-01,2.75,gRGDP_1967_1984.xlsx,improve,no_change,0.0,greenbook,fed_staff,gRGDP,real_gdp,+1..+4Q
1970-04-29,3.65,gRGDP_1967_1984.xlsx,improve,no_change,0.0,greenbook,fed_staff,gRGDP,real_gdp,+1..+4Q
1970-05-20,2.7,gRGDP_1967_1984.xlsx,improve,no_change,0.0,greenbook,fed_staff,gRGDP,real_gdp,+1..+4Q
1970-06-17,2.575,gRGDP_1967_1984.xlsx,improve,no_change,0.0,greenbook,fed_staff,gRGDP,real_gdp,+1..+4Q
1970-07-15,2.8333333333333335,gRGDP_1967_1984.xlsx,improve,no_change,0.0,greenbook,fed_staff,gRGDP,real_gdp,+1..+4Q
1970-08-12,3.0666666666666664,gRGDP_1967_1984.xlsx,improve,no_change,0.0,greenbook,fed_staff,gRGDP,real_gdp,+1..+4Q
1970-09-09,3.0,gRGDP_1967_1984.xlsx,improve,improve,1.0,greenbook,fed_staff,gRGDP,real_gdp,+1..+4Q
1970-10-14,3.3499999999999996,gRGDP_1967_1984.xlsx,improve,improve,1.0,greenbook,fed_staff,gRGDP,real_gdp,+1..+4Q
1970-11-11,3.0250000000000004,gRGDP_1967_1984.xlsx,improve,improve,1.0,greenbook,fed_staff,gRGDP,real_gdp,+1..+4Q
1970-12-09,3.575,gRGDP_1967_1984.xlsx,improve,improve,1.0,greenbook,fed_staff,gRGDP,real_gdp,+1..+4Q
1971-01-06,2.7000000000000006,gRGDP_1967_1984.xlsx,improve,improve,1.0,greenbook,fed_staff,gRGDP,real_gdp,+1..+4Q
1971-02-03,3.7000000000000006,gRGDP_1967_1984.xlsx,improve,improve,1.0,greenbook,fed_staff,gRGDP,real_gdp,+1..+4Q
1971-03-03,3.7000000000000006,gRGDP_1967_1984.xlsx,improve,improve,1.0,greenbook,fed_staff,gRGDP,real_gdp,+1..+4Q
1971-03-31,3.766666666666667,gRGDP_1967_1984.xlsx,improve,improve,1.0,greenbook,fed_staff,gRGDP,real_gdp,+1..+4Q
1971-04-28,4.2,gRGDP_1967_1984.xlsx,improve,improve,1.0,greenbook,fed_staff,gRGDP,real_gdp,+1..+4Q
1971-06-02,3.7,gRGDP_1967_1984.xlsx,improve,improve,1.0,greenbook,fed_staff,gRGDP,real_gdp,+1..+4Q
1971-06-23,4.1,gRGDP_1967_1984.xlsx,improve,improve,1.0,greenbook,fed_staff,gRGDP,real_gdp,+1..+4Q
1971-07-21,5.233333333333333,gRGDP_1967_1984.xlsx,improve,improve,1.0,greenbook,fed_staff,gRGDP,real_gdp,+1..+4Q
1971-08-20,6.6,gRGDP_1967_1984.xlsx,improve,improve,1.0,greenbook,fed_staff,gRGDP,real_gdp,+1..+4Q
1971-09-15,7.066666666666666,gRGDP_1967_1984.xlsx,improve,improve,1.0,greenbook,fed_staff,gRGDP,real_gdp,+1..+4Q
1971-10-13,7.5,gRGDP_1967_1984.xlsx,improve,improve,1.0,greenbook,fed_staff,gRGDP,real_gdp,+1..+4Q
1971-11-10,6.25,gRGDP_1967_1984.xlsx,improve,improve,1.0,greenbook,fed_staff,gRGDP,real_gdp,+1..+4Q
1971-12-08,6.475,gRGDP_1967_1984.xlsx,improve,improve,1.0,greenbook,fed_staff,gRGDP,real_gdp,+1..+4Q
1972-01-07,6.766666666666667,gRGDP_1967_1984.xlsx,improve,improve,1.0,greenbook,fed_staff,gRGDP,real_gdp,+1..+4Q
1972-02-09,6.433333333333334,gRGDP_1967_1984.xlsx,improve,improve,1.0,greenbook,fed_staff,gRGDP,real_gdp,+1..+4Q
1972-03-15,6.5,gRGDP_1967_1984.xlsx,improve,improve,1.0,greenbook,fed_staff,gRGDP,real_gdp,+1..+4Q
1972-04-12,7.15,gRGDP_1967_1984.xlsx,improve,improve,1.0,greenbook,fed_staff,gRGDP,real_gdp,+1..+4Q
1972-05-17,7.85,gRGDP_1967_1984.xlsx,improve,improve,1.0,greenbook,fed_staff,gRGDP,real_gdp,+1..+4Q
1972-06-14,7.6,gRGDP_1967_1984.xlsx,improve,improve,1.0,greenbook,fed_staff,gRGDP,real_gdp,+1..+4Q
1972-07-12,6.075,gRGDP_1967_1984.xlsx,improve,improve,1.0,greenbook,fed_staff,gRGDP,real_gdp,+1..+4Q
1972-08-09,5.949999999999999,gRGDP_1967_1984.xlsx,improve,improve,1.0,greenbook,fed_staff,gRGDP,real_gdp,+1..+4Q
1972-09-13,6.4,gRGDP_1967_1984.xlsx,improve,improve,1.0,greenbook,fed_staff,gRGDP,real_gdp,+1..+4Q
1972-10-11,5.45,gRGDP_1967_1984.xlsx,improve,improve,1.0,greenbook,fed_staff,gRGDP,real_gdp,+1..+4Q
1972-11-15,5.275,gRGDP_1967_1984.xlsx,improve,improve,1.0,greenbook,fed_staff,gRGDP,real_gdp,+1..+4Q
1972-12-13,5.3500000000000005,gRGDP_1967_1984.xlsx,improve,improve,1.0,greenbook,fed_staff,gRGDP,real_gdp,+1..+4Q
1973-01-10,5.333333333333333,gRGDP_1967_1984.xlsx,improve,improve,1.0,greenbook,fed_staff,gRGDP,real_gdp,+1..+4Q
1973-02-07,4.933333333333334,gRGDP_1967_1984.xlsx,improve,no_change,0.0,greenbook,fed_staff,gRGDP,real_gdp,+1..+4Q
1973-03-14,4.966666666666667,gRGDP_1967_1984.xlsx,improve,no_change,0.0,greenbook,fed_staff,gRGDP,real_gdp,+1..+4Q
1973-04-11,4.3,gRGDP_1967_1984.xlsx,improve,no_change,0.0,greenbook,fed_staff,gRGDP,real_gdp,+1..+4Q
1973-05-09,4.35,gRGDP_1967_1984.xlsx,improve,no_change,0.0,greenbook,fed_staff,gRGDP,real_gdp,+1..+4Q
1973-06-18,2.8,gRGDP_1967_1984.xlsx,improve,no_change,0.0,greenbook,fed_staff,gRGDP,real_gdp,+1..+4Q
1973-07-11,1.8,gRGDP_1967_1984.xlsx,improve,no_change,0.0,greenbook,fed_staff,gRGDP,real_gdp,+1..+4Q
1973-08-15,1.5999999999999999,gRGDP_1967_1984.xlsx,improve,no_change,0.0,greenbook,fed_staff,gRGDP,real_gdp,+1..+4Q
1973-09-12,1.95,gRGDP_1967_1984.xlsx,improve,no_change,0.0,greenbook,fed_staff,gRGDP,real_gdp,+1..+4Q
1973-10-10,1.725,gRGDP_1967_1984.xlsx,improve,no_change,0.0,greenbook,fed_staff,gRGDP,real_gdp,+1..+4Q
1973-11-14,2.375,gRGDP_1967_1984.xlsx,improve,worsen,0.0,greenbook,fed_staff,gRGDP,real_gdp,+1..+4Q
1973-12-12,0.37499999999999994,gRGDP_1967_1984.xlsx,no_change,worsen,0.0,greenbook,fed_staff,gRGDP,real_gdp,+1..+4Q
1974-01-16,1.1333333333333333,gRGDP_1967_1984.xlsx,improve,worsen,0.0,greenbook,fed_staff,gRGDP,real_gdp,+1..+4Q
1974-02-13,1.2,gRGDP_1967_1984.xlsx,improve,worsen,0.0,greenbook,fed_staff,gRGDP,real_gdp,+1..+4Q
1974-03-13,1.3,gRGDP_1967_1984.xlsx,improve,worsen,0.0,greenbook,fed_staff,gRGDP,real_gdp,+1..+4Q
1974-04-10,2.75,gRGDP_1967_1984.xlsx,improve,worsen,0.0,greenbook,fed_staff,gRGDP,real_gdp,+1..+4Q
1974-05-15,2.475,gRGDP_1967_1984.xlsx,improve,worsen,0.0,greenbook,fed_staff,gRGDP,real_gdp,+1..+4Q
1974-06-12,1.6749999999999998,gRGDP_1967_1984.xlsx,improve,worsen,0.0,greenbook,fed_staff,gRGDP,real_gdp,+1..+4Q
1974-07-10,0.9666666666666668,gRGDP_1967_1984.xlsx,no_change,worsen,0.0,greenbook,fed_staff,gRGDP,real_gdp,+1..+4Q
1974-08-14,-0.8999999999999999,gRGDP_1967_1984.xlsx,no_change,worsen,0.0,greenbook,fed_staff,gRGDP,real_gdp,+1..+4Q
1974-09-04,-0.825,gRGDP_1967_1984.xlsx,no_change,worsen,0.0,greenbook,fed_staff,gRGDP,real_gdp,+1..+4Q
1974-10-09,-0.15000000000000002,gRGDP_1967_1984.xlsx,no_change,worsen,0.0,greenbook,fed_staff,gRGDP,real_gdp,+1..+4Q
1974-11-13,-0.1250000000000001,gRGDP_1967_1984.xlsx,no_change,worsen,0.0,greenbook,fed_staff,gRGDP,real_gdp,+1..+4Q
1974-12-11,-0.8,gRGDP_1967_1984.xlsx,no_change,no_change,1.0,greenbook,fed_staff,gRGDP,real_gdp,+1..+4Q
1975-01-15,2.675,gRGDP_1967_1984.xlsx,improve,improve,1.0,greenbook,fed_staff,gRGDP,real_gdp,+1..+4Q
1975-02-12,3.125,gRGDP_1967_1984.xlsx,improve,improve,1.0,greenbook,fed_staff,gRGDP,real_gdp,+1..+4Q
1975-03-12,3.1750000000000003,gRGDP_1967_1984.xlsx,improve,improve,1.0,greenbook,fed_staff,gRGDP,real_gdp,+1..+4Q
1975-04-09,5.7250000000000005,gRGDP_1967_1984.xlsx,improve,improve,1.0,greenbook,fed_staff,gRGDP,real_gdp,+1..+4Q
1975-05-14,5.125,gRGDP_1967_1984.xlsx,improve,improve,1.0,greenbook,fed_staff,gRGDP,real_gdp,+1..+4Q
1975-06-11,5.525,gRGDP_1967_1984.xlsx,improve,improve,1.0,greenbook,fed_staff,gRGDP,real_gdp,+1..+4Q
1975-07-09,5.775,gRGDP_1967_1984.xlsx,improve,improve,1.0,greenbook,fed_staff,gRGDP,real_gdp,+1..+4Q
1975-08-13,6.35,gRGDP_1967_1984.xlsx,improve,improve,1.0,greenbook,fed_staff,gRGDP,real_gdp,+1..+4Q
1975-09-10,6.0249999999999995,gRGDP_1967_1984.xlsx,improve,improve,1.0,greenbook,fed_staff,gRGDP,real_gdp,+1..+4Q
1975-10-15,4.675,gRGDP_1967_1984.xlsx,improve,improve,1.0,greenbook,fed_staff,gRGDP,real_gdp,+1..+4Q
1975-11-12,4.775,gRGDP_1967_1984.xlsx,improve,improve,1.0,greenbook,fed_staff,gRGDP,real_gdp,+1..+4Q
1975-12-10,4.625,gRGDP_1967_1984.xlsx,improve,improve,1.0,greenbook,fed_staff,gRGDP,real_gdp,+1..+4Q
1976-01-14,4.266666666666667,gRGDP_1967_1984.xlsx,improve,improve,1.0,greenbook,fed_staff,gRGDP,real_gdp,+1..+4Q
1976-02-11,5.25,gRGDP_1967_1984.xlsx,improve,improve,1.0,greenbook,fed_staff,gRGDP,real_gdp,+1..+4Q
1976-03-10,5.275,gRGDP_1967_1984.xlsx,improve,improve,1.0,greenbook,fed_staff,gRGDP,real_gdp,+1..+4Q
1976-04-14,5.075,gRGDP_1967_1984.xlsx,improve,improve,1.0,greenbook,fed_staff,gRGDP,real_gdp,+1..+4Q
1976-05-12,5.225,gRGDP_1967_1984.xlsx,improve,improve,1.0,greenbook,fed_staff,gRGDP,real_gdp,+1..+4Q
1976-06-16,5.075,gRGDP_1967_1984.xlsx,improve,improve,1.0,greenbook,fed_staff,gRGDP,real_gdp,+1..+4Q
1976-07-14,5.125,gRGDP_1967_1984.xlsx,improve,improve,1.0,greenbook,fed_staff,gRGDP,real_gdp,+1..+4Q
1976-08-11,5.15,gRGDP_1967_1984.xlsx,improve,improve,1.0,greenbook,fed_staff,gRGDP,real_gdp,+1..+4Q
1976-09-15,5.375,gRGDP_1967_1984.xlsx,improve,improve,1.0,greenbook,fed_staff,gRGDP,real_gdp,+1..+4Q
1976-10-13,4.9,gRGDP_1967_1984.xlsx,improve,improve,1.0,greenbook,fed_staff,gRGDP,real_gdp,+1..+4Q
1976-11-10,4.6,gRGDP_1967_1984.xlsx,improve,improve,1.0,greenbook,fed_staff,gRGDP,real_gdp,+1..+4Q
1976-12-15,5.55,gRGDP_1967_1984.xlsx,improve,improve,1.0,greenbook,fed_staff,gRGDP,real_gdp,+1..+4Q
1977-01-12,6.1000000000000005,gRGDP_1967_1984.xlsx,improve,improve,1.0,greenbook,fed_staff,gRGDP,real_gdp,+1..+4Q
1977-02-09,6.275,gRGDP_1967_1984.xlsx,improve,improve,1.0,greenbook,fed_staff,gRGDP,real_gdp,+1..+4Q
1977-03-09,6.499999999999999,gRGDP_1967_1984.xlsx,improve,improve,1.0,greenbook,fed_staff,gRGDP,real_gdp,+1..+4Q
1977-04-15,5.8,gRGDP_1967_1984.xlsx,improve,improve,1.0,greenbook,fed_staff,gRGDP,real_gdp,+1..+4Q
1977-05-11,5.8999999999999995,gRGDP_1967_1984.xlsx,improve,improve,1.0,greenbook,fed_staff,gRGDP,real_gdp,+1..+4Q
1977-06-15,5.5,gRGDP_1967_1984.xlsx,improve,improve,1.0,greenbook,fed_staff,gRGDP,real_gdp,+1..+4Q
1977-07-13,5.125,gRGDP_1967_1984.xlsx,improve,improve,1.0,greenbook,fed_staff,gRGDP,real_gdp,+1..+4Q
1977-08-10,5.175,gRGDP_1967_1984.xlsx,improve,improve,1.0,greenbook,fed_staff,gRGDP,real_gdp,+1..+4Q
1977-09-14,4.85,gRGDP_1967_1984.xlsx,improve,improve,1.0,greenbook,fed_staff,gRGDP,real_gdp,+1..+4Q
1977-10-12,4.525,gRGDP_1967_1984.xlsx,improve,improve,1.0,greenbook,fed_staff,gRGDP,real_gdp,+1..+4Q
1977-11-09,4.375,gRGDP_1967_1984.xlsx,improve,improve,1.0,greenbook,fed_staff,gRGDP,real_gdp,+1..+4Q
1977-12-14,4.3,gRGDP_1967_1984.xlsx,improve,improve,1.0,greenbook,fed_staff,gRGDP,real_gdp,+1..+4Q
1978-01-11,4.775,gRGDP_1967_1984.xlsx,improve,improve,1.0,greenbook,fed_staff,gRGDP,real_gdp,+1..+4Q
1978-02-22,4.65,gRGDP_1967_1984.xlsx,improve,improve,1.0,greenbook,fed_staff,gRGDP,real_gdp,+1..+4Q
1978-03-15,4.800000000000001,gRGDP_1967_1984.xlsx,improve,improve,1.0,greenbook,fed_staff,gRGDP,real_gdp,+1..+4Q
1978-04-12,4.425,gRGDP_1967_1984.xlsx,improve,improve,1.0,greenbook,fed_staff,gRGDP,real_gdp,+1..+4Q
1978-05-10,4.25,gRGDP_1967_1984.xlsx,improve,improve,1.0,greenbook,fed_staff,gRGDP,real_gdp,+1..+4Q
1978-06-14,3.825,gRGDP_1967_1984.xlsx,improve,improve,1.0,greenbook,fed_staff,gRGDP,real_gdp,+1..+4Q
1978-07-12,3.625,gRGDP_1967_1984.xlsx,improve,improve,1.0,greenbook,fed_staff,gRGDP,real_gdp,+1..+4Q
1978-08-09,3.625,gRGDP_1967_1984.xlsx,improve,no_change,0.0,greenbook,fed_staff,gRGDP,real_gdp,+1..+4Q
1978-09-13,3.55,gRGDP_1967_1984.xlsx,improve,no_change,0.0,greenbook,fed_staff,gRGDP,real_gdp,+1..+4Q
1978-10-11,3.3499999999999996,gRGDP_1967_1984.xlsx,improve,no_change,0.0,greenbook,fed_staff,gRGDP,real_gdp,+1..+4Q
1978-11-15,2.175,gRGDP_1967_1984.xlsx,improve,no_change,0.0,greenbook,fed_staff,gRGDP,real_gdp,+1..+4Q
1978-12-13,2.1,gRGDP_1967_1984.xlsx,improve,no_change,0.0,greenbook,fed_staff,gRGDP,real_gdp,+1..+4Q
1979-01-31,1.45,gRGDP_1967_1984.xlsx,improve,no_change,0.0,greenbook,fed_staff,gRGDP,real_gdp,+1..+4Q
1979-03-14,1.325,gRGDP_1967_1984.xlsx,improve,no_change,0.0,greenbook,fed_staff,gRGDP,real_gdp,+1..+4Q
1979-04-11,1.1,gRGDP_1967_1984.xlsx,improve,no_change,0.0,greenbook,fed_staff,gRGDP,real_gdp,+1..+4Q
1979-05-16,1.0250000000000001,gRGDP_1967_1984.xlsx,improve,worsen,0.0,greenbook,fed_staff,gRGDP,real_gdp,+1..+4Q
1979-07-03,-0.10000000000000003,gRGDP_1967_1984.xlsx,no_change,worsen,0.0,greenbook,fed_staff,gRGDP,real_gdp,+1..+4Q
1979-08-08,-0.025000000000000022,gRGDP_1967_1984.xlsx,no_change,worsen,0.0,greenbook,fed_staff,gRGDP,real_gdp,+1..+4Q
1979-09-12,-0.775,gRGDP_1967_1984.xlsx,no_change,worsen,0.0,greenbook,fed_staff,gRGDP,real_gdp,+1..+4Q
1979-10-12,-0.35,gRGDP_1967_1984.xlsx,no_change,worsen,0.0,greenbook,fed_staff,gRGDP,real_gdp,+1..+4Q
1979-11-14,-1.375,gRGDP_1967_1984.xlsx,worsen,no_change,0.0,greenbook,fed_staff,gRGDP,real_gdp,+1..+4Q
1980-01-03,-1.2249999999999999,gRGDP_1967_1984.xlsx,worsen,no_change,0.0,greenbook,fed_staff,gRGDP,real_gdp,+1..+4Q
1980-01-30,-2.2500000000000004,gRGDP_1967_1984.xlsx,worsen,no_change,0.0,greenbook,fed_staff,gRGDP,real_gdp,+1..+4Q
1980-03-14,-2.875,gRGDP_1967_1984.xlsx,worsen,no_change,0.0,greenbook,fed_staff,gRGDP,real_gdp,+1..+4Q
1980-04-16,-2.925,gRGDP_1967_1984.xlsx,worsen,no_change,0.0,greenbook,fed_staff,gRGDP,real_gdp,+1..+4Q
1980-05-14,-2.375,gRGDP_1967_1984.xlsx,worsen,improve,0.0,greenbook,fed_staff,gRGDP,real_gdp,+1..+4Q
1980-07-02,1.4,gRGDP_1967_1984.xlsx,improve,improve,1.0,greenbook,fed_staff,gRGDP,real_gdp,+1..+4Q
1980-08-06,1.5,gRGDP_1967_1984.xlsx,improve,improve,1.0,greenbook,fed_staff,gRGDP,real_gdp,+1..+4Q
1980-09-10,1.3,gRGDP_1967_1984.xlsx,improve,improve,1.0,greenbook,fed_staff,gRGDP,real_gdp,+1..+4Q
1980-10-15,0.5,gRGDP_1967_1984.xlsx,no_change,no_change,1.0,greenbook,fed_staff,gRGDP,real_gdp,+1..+4Q
1980-11-12,0.29999999999999993,gRGDP_1967_1984.xlsx,no_change,no_change,1.0,greenbook,fed_staff,gRGDP,real_gdp,+1..+4Q
1980-12-12,-0.7749999999999999,gRGDP_1967_1984.xlsx,no_change,worsen,0.0,greenbook,fed_staff,gRGDP,real_gdp,+1..+4Q
1981-01-28,-0.050000000000000044,gRGDP_1967_1984.xlsx,no_change,worsen,0.0,greenbook,fed_staff,gRGDP,real_gdp,+1..+4Q
1981-03-25,0.4,gRGDP_1967_1984.xlsx,no_change,worsen,0.0,greenbook,fed_staff,gRGDP,real_gdp,+1..+4Q
1981-05-13,0.6,gRGDP_1967_1984.xlsx,no_change,worsen,0.0,greenbook,fed_staff,gRGDP,real_gdp,+1..+4Q
1981-07-01,0.925,gRGDP_1967_1984.xlsx,no_change,worsen,0.0,greenbook,fed_staff,gRGDP,real_gdp,+1..+4Q
1981-08-12,0.9500000000000001,gRGDP_1967_1984.xlsx,no_change,worsen,0.0,greenbook,fed_staff,gRGDP,real_gdp,+1..+4Q
1981-09-30,0.39999999999999997,gRGDP_1967_1984.xlsx,no_change,worsen,0.0,greenbook,fed_staff,gRGDP,real_gdp,+1..+4Q
1981-11-10,1.4,gRGDP_1967_1984.xlsx,improve,worsen,0.0,greenbook,fed_staff,gRGDP,real_gdp,+1..+4Q
1981-12-16,1.7249999999999999,gRGDP_1967_1984.xlsx,improve,worsen,0.0,greenbook,fed_staff,gRGDP,real_gdp,+1..+4Q
1982-01-27,2.725,gRGDP_1967_1984.xlsx,improve,no_change,0.0,greenbook,fed_staff,gRGDP,real_gdp,+1..+4Q
1982-03-24,3.25,gRGDP_1967_1984.xlsx,improve,worsen,0.0,greenbook,fed_staff,gRGDP,real_gdp,+1..+4Q
1982-05-12,2.95,gRGDP_1967_1984.xlsx,improve,no_change,0.0,greenbook,fed_staff,gRGDP,real_gdp,+1..+4Q
1982-06-23,2.325,gRGDP_1967_1984.xlsx,improve,no_change,0.0,greenbook,fed_staff,gRGDP,real_gdp,+1..+4Q
1982-08-18,2.7249999999999996,gRGDP_1967_1984.xlsx,improve,improve,1.0,greenbook,fed_staff,gRGDP,real_gdp,+1..+4Q
1982-09-29,2.35,gRGDP_1967_1984.xlsx,improve,improve,1.0,greenbook,fed_staff,gRGDP,real_gdp,+1..+4Q
1982-11-10,3.1500000000000004,gRGDP_1967_1984.xlsx,improve,improve,1.0,greenbook,fed_staff,gRGDP,real_gdp,+1..+4Q
1982-12-15,3.0999999999999996,gRGDP_1967_1984.xlsx,improve,improve,1.0,greenbook,fed_staff,gRGDP,real_gdp,+1..+4Q
1983-02-02,3.6500000000000004,gRGDP_1967_1984.xlsx,improve,improve,1.0,greenbook,fed_staff,gRGDP,real_gdp,+1..+4Q
1983-03-23,4.2,gRGDP_1967_1984.xlsx,improve,improve,1.0,greenbook,fed_staff,gRGDP,real_gdp,+1..+4Q
1983-05-18,4.775,gRGDP_1967_1984.xlsx,improve,improve,1.0,greenbook,fed_staff,gRGDP,real_gdp,+1..+4Q
1983-07-06,4.4,gRGDP_1967_1984.xlsx,improve,improve,1.0,greenbook,fed_staff,gRGDP,real_gdp,+1..+4Q
1983-08-17,4.199999999999999,gRGDP_1967_1984.xlsx,improve,improve,1.0,greenbook,fed_staff,gRGDP,real_gdp,+1..+4Q
1983-09-28,4.4,gRGDP_1967_1984.xlsx,improve,improve,1.0,greenbook,fed_staff,gRGDP,real_gdp,+1..+4Q
1983-11-09,4.35,gRGDP_1967_1984.xlsx,improve,improve,1.0,greenbook,fed_staff,gRGDP,real_gdp,+1..+4Q
1983-12-14,4.299999999999999,gRGDP_1967_1984.xlsx,improve,improve,1.0,greenbook,fed_staff,gRGDP,real_gdp,+1..+4Q
1984-01-25,3.975,gRGDP_1967_1984.xlsx,improve,improve,1.0,greenbook,fed_staff,gRGDP,real_gdp,+1..+4Q
1984-03-21,4.05,gRGDP_1967_1984.xlsx,improve,improve,1.0,greenbook,fed_staff,gRGDP,real_gdp,+1..+4Q
1984-05-16,3.4,gRGDP_1967_1984.xlsx,improve,no_change,0.0,greenbook,fed_staff,gRGDP,real_gdp,+1..+4Q
1984-07-11,3.0250000000000004,gRGDP_1967_1984.xlsx,improve,no_change,0.0,greenbook,fed_staff,gRGDP,real_gdp,+1..+4Q
1984-08-15,3.4,gRGDP_1967_1984.xlsx,improve,no_change,0.0,greenbook,fed_staff,gRGDP,real_gdp,+1..+4Q
1984-09-26,3.3,gRGDP_1967_1984.xlsx,improve,no_change,0.0,greenbook,fed_staff,gRGDP,real_gdp,+1..+4Q
1984-10-31,3.175,gRGDP_1967_1984.xlsx,improve,no_change,0.0,greenbook,fed_staff,gRGDP,real_gdp,+1..+4Q
1984-12-12,2.9000000000000004,gRGDP_1967_1984.xlsx,improve,no_change,0.0,greenbook,fed_staff,gRGDP,real_gdp,+1..+4Q
1985-02-06,3.3,gRGDP_1985_Last.xlsx,improve,no_change,0.0,greenbook,fed_staff,gRGDP,real_gdp,+1..+4Q
1985-03-20,3.125,gRGDP_1985_Last.xlsx,improve,no_change,0.0,greenbook,fed_staff,gRGDP,real_gdp,+1..+4Q
1985-05-15,2.9,gRGDP_1985_Last.xlsx,improve,no_change,0.0,greenbook,fed_staff,gRGDP,real_gdp,+1..+4Q
1985-07-03,2.575,gRGDP_1985_Last.xlsx,improve,no_change,0.0,greenbook,fed_staff,gRGDP,real_gdp,+1..+4Q
1985-08-14,2.65,gRGDP_1985_Last.xlsx,improve,no_change,0.0,greenbook,fed_staff,gRGDP,real_gdp,+1..+4Q
1985-09-25,2.75,gRGDP_1985_Last.xlsx,improve,no_change,0.0,greenbook,fed_staff,gRGDP,real_gdp,+1..+4Q
1985-10-30,2.375,gRGDP_1985_Last.xlsx,improve,no_change,0.0,greenbook,fed_staff,gRGDP,real_gdp,+1..+4Q
1985-12-11,2.125,gRGDP_1985_Last.xlsx,improve,no_change,0.0,greenbook,fed_staff,gRGDP,real_gdp,+1..+4Q
1986-02-05,2.8249999999999997,gRGDP_1985_Last.xlsx,improve,improve,1.0,greenbook,fed_staff,gRGDP,real_gdp,+1..+4Q
1986-03-26,3.6,gRGDP_1985_Last.xlsx,improve,improve,1.0,greenbook,fed_staff,gRGDP,real_gdp,+1..+4Q
1986-05-14,3.925,gRGDP_1985_Last.xlsx,improve,improve,1.0,greenbook,fed_staff,gRGDP,real_gdp,+1..+4Q
1986-07-02,3.325,gRGDP_1985_Last.xlsx,improve,improve,1.0,greenbook,fed_staff,gRGDP,real_gdp,+1..+4Q
1986-08-13,3.325,gRGDP_1985_Last.xlsx,improve,improve,1.0,greenbook,fed_staff,gRGDP,real_gdp,+1..+4Q
1986-09-17,3.175,gRGDP_1985_Last.xlsx,improve,improve,1.0,greenbook,fed_staff,gRGDP,real_gdp,+1..+4Q
1986-10-29,2.85,gRGDP_1985_Last.xlsx,improve,improve,1.0,greenbook,fed_staff,gRGDP,real_gdp,+1..+4Q
1986-12-10,2.75,gRGDP_1985_Last.xlsx,improve,improve,1.0,greenbook,fed_staff,gRGDP,real_gdp,+1..+4Q
1987-02-04,2.8499999999999996,gRGDP_1985_Last.xlsx,improve,improve,1.0,greenbook,fed_staff,gRGDP,real_gdp,+1..+4Q
1987-03-25,2.65,gRGDP_1985_Last.xlsx,improve,improve,1.0,greenbook,fed_staff,gRGDP,real_gdp,+1..+4Q
1987-05-13,2.55,gRGDP_1985_Last.xlsx,improve,improve,1.0,greenbook,fed_staff,gRGDP,real_gdp,+1..+4Q
1987-07-01,2.375,gRGDP_1985_Last.xlsx,improve,improve,1.0,greenbook,fed_staff,gRGDP,real_gdp,+1..+4Q
1987-08-12,2.5,gRGDP_1985_Last.xlsx,improve,improve,1.0,greenbook,fed_staff,gRGDP,real_gdp,+1..+4Q
1987-09-16,2.725,gRGDP_1985_Last.xlsx,improve,improve,1.0,greenbook,fed_staff,gRGDP,real_gdp,+1..+4Q
1987-10-28,1.9250000000000003,gRGDP_1985_Last.xlsx,improve,improve,1.0,greenbook,fed_staff,gRGDP,real_gdp,+1..+4Q
1987-12-09,2.0500000000000003,gRGDP_1985_Last.xlsx,improve,improve,1.0,greenbook,fed_staff,gRGDP,real_gdp,+1..+4Q
1988-02-03,2.55,gRGDP_1985_Last.xlsx,improve,no_change,0.0,greenbook,fed_staff,gRGDP,real_gdp,+1..+4Q
1988-03-23,2.625,gRGDP_1985_Last.xlsx,improve,no_change,0.0,greenbook,fed_staff,gRGDP,real_gdp,+1..+4Q
1988-05-11,2.125,gRGDP_1985_Last.xlsx,improve,no_change,0.0,greenbook,fed_staff,gRGDP,real_gdp,+1..+4Q
1988-06-22,2.025,gRGDP_1985_Last.xlsx,improve,no_change,0.0,greenbook,fed_staff,gRGDP,real_gdp,+1..+4Q
1988-08-10,2.475,gRGDP_1985_Last.xlsx,improve,no_change,0.0,greenbook,fed_staff,gRGDP,real_gdp,+1..+4Q
1988-09-14,2.775,gRGDP_1985_Last.xlsx,improve,no_change,0.0,greenbook,fed_staff,gRGDP,real_gdp,+1..+4Q
1988-10-26,3.075,gRGDP_1985_Last.xlsx,improve,no_change,0.0,greenbook,fed_staff,gRGDP,real_gdp,+1..+4Q
1988-12-07,3.225,gRGDP_1985_Last.xlsx,improve,no_change,0.0,greenbook,fed_staff,gRGDP,real_gdp,+1..+4Q
1989-02-01,2.025,gRGDP_1985_Last.xlsx,improve,no_change,0.0,greenbook,fed_staff,gRGDP,real_gdp,+1..+4Q
1989-03-22,1.75,gRGDP_1985_Last.xlsx,improve,no_change,0.0,greenbook,fed_staff,gRGDP,real_gdp,+1..+4Q
1989-05-10,1.3499999999999999,gRGDP_1985_Last.xlsx,improve,no_change,0.0,greenbook,fed_staff,gRGDP,real_gdp,+1..+4Q
1989-06-28,1.35,gRGDP_1985_Last.xlsx,improve,no_change,0.0,greenbook,fed_staff,gRGDP,real_gdp,+1..+4Q
1989-08-16,1.8250000000000002,gRGDP_1985_Last.xlsx,improve,no_change,0.0,greenbook,fed_staff,gRGDP,real_gdp,+1..+4Q
1989-09-27,1.675,gRGDP_1985_Last.xlsx,improve,no_change,0.0,greenbook,fed_staff,gRGDP,real_gdp,+1..+4Q
1989-11-08,1.625,gRGDP_1985_Last.xlsx,improve,no_change,0.0,greenbook,fed_staff,gRGDP,real_gdp,+1..+4Q
1989-12-13,1.625,gRGDP_1985_Last.xlsx,improve,no_change,0.0,greenbook,fed_staff,gRGDP,real_gdp,+1..+4Q
1990-01-31,2.0,gRGDP_1985_Last.xlsx,improve,no_change,0.0,greenbook,fed_staff,gRGDP,real_gdp,+1..+4Q
1990-03-21,1.925,gRGDP_1985_Last.xlsx,improve,worsen,0.0,greenbook,fed_staff,gRGDP,real_gdp,+1..+4Q
1990-05-09,1.6,gRGDP_1985_Last.xlsx,improve,worsen,0.0,greenbook,fed_staff,gRGDP,real_gdp,+1..+4Q
1990-06-27,1.775,gRGDP_1985_Last.xlsx,improve,no_change,0.0,greenbook,fed_staff,gRGDP,real_gdp,+1..+4Q
1990-08-15,1.525,gRGDP_1985_Last.xlsx,improve,no_change,0.0,greenbook,fed_staff,gRGDP,real_gdp,+1..+4Q
1990-09-26,0.725,gRGDP_1985_Last.xlsx,no_change,no_change,1.0,greenbook,fed_staff,gRGDP,real_gdp,+1..+4Q
1990-11-07,1.225,gRGDP_1985_Last.xlsx,improve,no_change,0.0,greenbook,fed_staff,gRGDP,real_gdp,+1..+4Q
1990-12-12,1.7750000000000001,gRGDP_1985_Last.xlsx,improve,no_change,0.0,greenbook,fed_staff,gRGDP,real_gdp,+1..+4Q
1991-01-30,2.95,gRGDP_1985_Last.xlsx,improve,no_change,0.0,greenbook,fed_staff,gRGDP,real_gdp,+1..+4Q
1991-03-20,3.15,gRGDP_1985_Last.xlsx,improve,improve,1.0,greenbook,fed_staff,gRGDP,real_gdp,+1..+4Q
1991-05-08,3.675,gRGDP_1985_Last.xlsx,improve,improve,1.0,greenbook,fed_staff,gRGDP,real_gdp,+1..+4Q
1991-06-28,3.7249999999999996,gRGDP_1985_Last.xlsx,improve,improve,1.0,greenbook,fed_staff,gRGDP,real_gdp,+1..+4Q
1991-08-14,3.3499999999999996,gRGDP_1985_Last.xlsx,improve,improve,1.0,greenbook,fed_staff,gRGDP,real_gdp,+1..+4Q
1991-09-25,3.4250000000000003,gRGDP_1985_Last.xlsx,improve,no_change,0.0,greenbook,fed_staff,gRGDP,real_gdp,+1..+4Q
1991-10-30,3.125,gRGDP_1985_Last.xlsx,improve,improve,1.0,greenbook,fed_staff,gRGDP,real_gdp,+1..+4Q
1991-12-11,1.9000000000000001,gRGDP_1985_Last.xlsx,improve,improve,1.0,greenbook,fed_staff,gRGDP,real_gdp,+1..+4Q
1992-01-30,2.95,gRGDP_1985_Last.xlsx,improve,improve,1.0,greenbook,fed_staff,gRGDP,real_gdp,+1..+4Q
1992-03-25,3.05,gRGDP_1985_Last.xlsx,improve,improve,1.0,greenbook,fed_staff,gRGDP,real_gdp,+1..+4Q
1992-05-14,3.0,gRGDP_1985_Last.xlsx,improve,improve,1.0,greenbook,fed_staff,gRGDP,real_gdp,+1..+4Q
1992-06-26,2.675,gRGDP_1985_Last.xlsx,improve,improve,1.0,greenbook,fed_staff,gRGDP,real_gdp,+1..+4Q
1992-08-13,2.875,gRGDP_1985_Last.xlsx,improve,improve,1.0,greenbook,fed_staff,gRGDP,real_gdp,+1..+4Q
1992-09-30,2.15,gRGDP_1985_Last.xlsx,improve,improve,1.0,greenbook,fed_staff,gRGDP,real_gdp,+1..+4Q
1992-11-12,2.35,gRGDP_1985_Last.xlsx,improve,improve,1.0,greenbook,fed_staff,gRGDP,real_gdp,+1..+4Q
1992-12-16,2.6750000000000003,gRGDP_1985_Last.xlsx,improve,improve,1.0,greenbook,fed_staff,gRGDP,real_gdp,+1..+4Q
1993-01-29,2.9,gRGDP_1985_Last.xlsx,improve,improve,1.0,greenbook,fed_staff,gRGDP,real_gdp,+1..+4Q
1993-03-17,2.825,gRGDP_1985_Last.xlsx,improve,improve,1.0,greenbook,fed_staff,gRGDP,real_gdp,+1..+4Q
1993-05-14,2.625,gRGDP_1985_Last.xlsx,improve,improve,1.0,greenbook,fed_staff,gRGDP,real_gdp,+1..+4Q
1993-06-30,2.45,gRGDP_1985_Last.xlsx,improve,improve,1.0,greenbook,fed_staff,gRGDP,real_gdp,+1..+4Q
1993-08-11,2.4749999999999996,gRGDP_1985_Last.xlsx,improve,improve,1.0,greenbook,fed_staff,gRGDP,real_gdp,+1..+4Q
1993-09-15,2.775,gRGDP_1985_Last.xlsx,improve,improve,1.0,greenbook,fed_staff,gRGDP,real_gdp,+1..+4Q
1993-11-10,2.45,gRGDP_1985_Last.xlsx,improve,improve,1.0,greenbook,fed_staff,gRGDP,real_gdp,+1..+4Q
1993-12-15,2.65,gRGDP_1985_Last.xlsx,improve,improve,1.0,greenbook,fed_staff,gRGDP,real_gdp,+1..+4Q
1994-01-31,2.575,gRGDP_1985_Last.xlsx,improve,improve,1.0,greenbook,fed_staff,gRGDP,real_gdp,+1..+4Q
1994-03-16,2.4749999999999996,gRGDP_1985_Last.xlsx,improve,improve,1.0,greenbook,fed_staff,gRGDP,real_gdp,+1..+4Q
1994-05-13,2.3000000000000003,gRGDP_1985_Last.xlsx,improve,improve,1.0,greenbook,fed_staff,gRGDP,real_gdp,+1..+4Q
1994-06-30,2.375,gRGDP_1985_Last.xlsx,improve,improve,1.0,greenbook,fed_staff,gRGDP,real_gdp,+1..+4Q
1994-08-12,2.125,gRGDP_1985_Last.xlsx,improve,improve,1.0,greenbook,fed_staff,gRGDP,real_gdp,+1..+4Q
1994-09-21,2.05,gRGDP_1985_Last.xlsx,improve,improve,1.0,greenbook,fed_staff,gRGDP,real_gdp,+1..+4Q
1994-11-09,1.6,gRGDP_1985_Last.xlsx,improve,improve,1.0,greenbook,fed_staff,gRGDP,real_gdp,+1..+4Q
1994-12-14,1.875,gRGDP_1985_Last.xlsx,improve,improve,1.0,greenbook,fed_staff,gRGDP,real_gdp,+1..+4Q
1995-01-25,1.85,gRGDP_1985_Last.xlsx,improve,no_change,0.0,greenbook,fed_staff,gRGDP,real_gdp,+1..+4Q
1995-03-22,2.0999999999999996,gRGDP_1985_Last.xlsx,improve,improve,1.0,greenbook,fed_staff,gRGDP,real_gdp,+1..+4Q
1995-05-17,2.3,gRGDP_1985_Last.xlsx,improve,improve,1.0,greenbook,fed_staff,gRGDP,real_gdp,+1..+4Q
1995-06-28,2.175,gRGDP_1985_Last.xlsx,improve,improve,1.0,greenbook,fed_staff,gRGDP,real_gdp,+1..+4Q
1995-08-16,2.4499999999999997,gRGDP_1985_Last.xlsx,improve,improve,1.0,greenbook,fed_staff,gRGDP,real_gdp,+1..+4Q
1995-09-20,2.3,gRGDP_1985_Last.xlsx,improve,improve,1.0,greenbook,fed_staff,gRGDP,real_gdp,+1..+4Q
1995-11-08,2.55,gRGDP_1985_Last.xlsx,improve,improve,1.0,greenbook,fed_staff,gRGDP,real_gdp,+1..+4Q
1995-12-14,2.45,gRGDP_1985_Last.xlsx,improve,improve,1.0,greenbook,fed_staff,gRGDP,real_gdp,+1..+4Q
1996-01-26,2.1,gRGDP_1985_Last.xlsx,improve,improve,1.0,greenbook,fed_staff,gRGDP,real_gdp,+1..+4Q
1996-03-21,2.4,gRGDP_1985_Last.xlsx,improve,improve,1.0,greenbook,fed_staff,gRGDP,real_gdp,+1..+4Q
1996-05-16,2.0749999999999997,gRGDP_1985_Last.xlsx,improve,improve,1.0,greenbook,fed_staff,gRGDP,real_gdp,+1..+4Q
1996-06-26,2.125,gRGDP_1985_Last.xlsx,improve,improve,1.0,greenbook,fed_staff,gRGDP,real_gdp,+1..+4Q
1996-08-15,2.075,gRGDP_1985_Last.xlsx,improve,improve,1.0,greenbook,fed_staff,gRGDP,real_gdp,+1..+4Q
1996-09-18,2.1500000000000004,gRGDP_1985_Last.xlsx,improve,improve,1.0,greenbook,fed_staff,gRGDP,real_gdp,+1..+4Q
1996-11-06,2.225,gRGDP_1985_Last.xlsx,improve,improve,1.0,greenbook,fed_staff,gRGDP,real_gdp,+1..+4Q
1996-12-12,2.225,gRGDP_1985_Last.xlsx,improve,improve,1.0,greenbook,fed_staff,gRGDP,real_gdp,+1..+4Q
1997-01-29,2.3499999999999996,gRGDP_1985_Last.xlsx,improve,improve,1.0,greenbook,fed_staff,gRGDP,real_gdp,+1..+4Q
1997-03-19,2.5250000000000004,gRGDP_1985_Last.xlsx,improve,improve,1.0,greenbook,fed_staff,gRGDP,real_gdp,+1..+4Q
1997-05-15,2.225,gRGDP_1985_Last.xlsx,improve,improve,1.0,greenbook,fed_staff,gRGDP,real_gdp,+1..+4Q
1997-06-25,2.625,gRGDP_1985_Last.xlsx,improve,improve,1.0,greenbook,fed_staff,gRGDP,real_gdp,+1..+4Q
1997-08-14,2.175,gRGDP_1985_Last.xlsx,improve,improve,1.0,greenbook,fed_staff,gRGDP,real_gdp,+1..+4Q
1997-09-24,2.625,gRGDP_1985_Last.xlsx,improve,improve,1.0,greenbook,fed_staff,gRGDP,real_gdp,+1..+4Q
1997-11-06,2.225,gRGDP_1985_Last.xlsx,improve,improve,1.0,greenbook,fed_staff,gRGDP,real_gdp,+1..+4Q
1997-12-11,1.6750000000000003,gRGDP_1985_Last.xlsx,improve,improve,1.0,greenbook,fed_staff,gRGDP,real_gdp,+1..+4Q
1998-01-28,1.5,gRGDP_1985_Last.xlsx,improve,improve,1.0,greenbook,fed_staff,gRGDP,real_gdp,+1..+4Q
1998-03-25,2.025,gRGDP_1985_Last.xlsx,improve,improve,1.0,greenbook,fed_staff,gRGDP,real_gdp,+1..+4Q
1998-05-14,1.95,gRGDP_1985_Last.xlsx,improve,improve,1.0,greenbook,fed_staff,gRGDP,real_gdp,+1..+4Q
1998-06-24,1.75,gRGDP_1985_Last.xlsx,improve,improve,1.0,greenbook,fed_staff,gRGDP,real_gdp,+1..+4Q
1998-08-13,1.7249999999999999,gRGDP_1985_Last.xlsx,improve,improve,1.0,greenbook,fed_staff,gRGDP,real_gdp,+1..+4Q
1998-09-23,1.4500000000000002,gRGDP_1985_Last.xlsx,improve,improve,1.0,greenbook,fed_staff,gRGDP,real_gdp,+1..+4Q
1998-11-12,1.5499999999999998,gRGDP_1985_Last.xlsx,improve,improve,1.0,greenbook,fed_staff,gRGDP,real_gdp,+1..+4Q
1998-12-16,2.05,gRGDP_1985_Last.xlsx,improve,improve,1.0,greenbook,fed_staff,gRGDP,real_gdp,+1..+4Q
1999-01-28,2.125,gRGDP_1985_Last.xlsx,improve,improve,1.0,greenbook,fed_staff,gRGDP,real_gdp,+1..+4Q
1999-03-24,2.3,gRGDP_1985_Last.xlsx,improve,improve,1.0,greenbook,fed_staff,gRGDP,real_gdp,+1..+4Q
1999-05-13,2.7,gRGDP_1985_Last.xlsx,improve,improve,1.0,greenbook,fed_staff,gRGDP,real_gdp,+1..+4Q
1999-06-23,2.925,gRGDP_1985_Last.xlsx,improve,improve,1.0,greenbook,fed_staff,gRGDP,real_gdp,+1..+4Q
1999-08-18,3.0250000000000004,gRGDP_1985_Last.xlsx,improve,improve,1.0,greenbook,fed_staff,gRGDP,real_gdp,+1..+4Q
1999-09-29,3.2750000000000004,gRGDP_1985_Last.xlsx,improve,improve,1.0,greenbook,fed_staff,gRGDP,real_gdp,+1..+4Q
1999-11-10,3.475,gRGDP_1985_Last.xlsx,improve,no_change,0.0,greenbook,fed_staff,gRGDP,real_gdp,+1..+4Q
1999-12-15,3.7750000000000004,gRGDP_1985_Last.xlsx,improve,no_change,0.0,greenbook,fed_staff,gRGDP,real_gdp,+1..+4Q
2000-01-27,4.0,gRGDP_1985_Last.xlsx,improve,no_change,0.0,greenbook,fed_staff,gRGDP,real_gdp,+1..+4Q
2000-03-15,4.05,gRGDP_1985_Last.xlsx,improve,no_change,0.0,greenbook,fed_staff,gRGDP,real_gdp,+1..+4Q
2000-05-11,3.8249999999999997,gRGDP_1985_Last.xlsx,improve,worsen,0.0,greenbook,fed_staff,gRGDP,real_gdp,+1..+4Q
2000-06-21,3.65,gRGDP_1985_Last.xlsx,improve,worsen,0.0,greenbook,fed_staff,gRGDP,real_gdp,+1..+4Q
2000-08-16,3.9499999999999997,gRGDP_1985_Last.xlsx,improve,worsen,0.0,greenbook,fed_staff,gRGDP,real_gdp,+1..+4Q
2000-09-27,3.85,gRGDP_1985_Last.xlsx,improve,worsen,0.0,greenbook,fed_staff,gRGDP,real_gdp,+1..+4Q
2000-11-08,3.7,gRGDP_1985_Last.xlsx,improve,worsen,0.0,greenbook,fed_staff,gRGDP,real_gdp,+1..+4Q
2000-12-13,3.0500000000000003,gRGDP_1985_Last.xlsx,improve,worsen,0.0,greenbook,fed_staff,gRGDP,real_gdp,+1..+4Q
2001-01-25,2.8,gRGDP_1985_Last.xlsx,improve,worsen,0.0,greenbook,fed_staff,gRGDP,real_gdp,+1..+4Q
2001-03-14,2.625,gRGDP_1985_Last.xlsx,improve,no_change,0.0,greenbook,fed_staff,gRGDP,real_gdp,+1..+4Q
2001-05-09,2.875,gRGDP_1985_Last.xlsx,improve,no_change,0.0,greenbook,fed_staff,gRGDP,real_gdp,+1..+4Q
2001-06-20,2.6500000000000004,gRGDP_1985_Last.xlsx,improve,no_change,0.0,greenbook,fed_staff,gRGDP,real_gdp,+1..+4Q
2001-08-16,2.3,gRGDP_1985_Last.xlsx,improve,no_change,0.0,greenbook,fed_staff,gRGDP,real_gdp,+1..+4Q
2001-09-27,0.9500000000000001,gRGDP_1985_Last.xlsx,no_change,no_change,1.0,greenbook,fed_staff,gRGDP,real_gdp,+1..+4Q
2001-10-31,2.425,gRGDP_1985_Last.xlsx,improve,no_change,0.0,greenbook,fed_staff,gRGDP,real_gdp,+1..+4Q
2001-12-05,2.8249999999999997,gRGDP_1985_Last.xlsx,improve,improve,1.0,greenbook,fed_staff,gRGDP,real_gdp,+1..+4Q
2002-01-23,3.1750000000000003,gRGDP_1985_Last.xlsx,improve,improve,1.0,greenbook,fed_staff,gRGDP,real_gdp,+1..+4Q
2002-03-13,3.65,gRGDP_1985_Last.xlsx,improve,no_change,0.0,greenbook,fed_staff,gRGDP,real_gdp,+1..+4Q
2002-05-01,3.8249999999999997,gRGDP_1985_Last.xlsx,improve,no_change,0.0,greenbook,fed_staff,gRGDP,real_gdp,+1..+4Q
2002-06-20,3.725,gRGDP_1985_Last.xlsx,improve,no_change,0.0,greenbook,fed_staff,gRGDP,real_gdp,+1..+4Q
2002-08-07,3.125,gRGDP_1985_Last.xlsx,improve,no_change,0.0,greenbook,fed_staff,gRGDP,real_gdp,+1..+4Q
2002-09-18,2.85,gRGDP_1985_Last.xlsx,improve,no_change,0.0,greenbook,fed_staff,gRGDP,real_gdp,+1..+4Q
2002-10-30,2.9750000000000005,gRGDP_1985_Last.xlsx,improve,no_change,0.0,greenbook,fed_staff,gRGDP,real_gdp,+1..+4Q
2002-12-04,3.325,gRGDP_1985_Last.xlsx,improve,no_change,0.0,greenbook,fed_staff,gRGDP,real_gdp,+1..+4Q
2003-01-22,4.199999999999999,gRGDP_1985_Last.xlsx,improve,no_change,0.0,greenbook,fed_staff,gRGDP,real_gdp,+1..+4Q
2003-03-13,3.875,gRGDP_1985_Last.xlsx,improve,no_change,0.0,greenbook,fed_staff,gRGDP,real_gdp,+1..+4Q
2003-04-30,4.3,gRGDP_1985_Last.xlsx,improve,improve,1.0,greenbook,fed_staff,gRGDP,real_gdp,+1..+4Q
2003-06-18,4.75,gRGDP_1985_Last.xlsx,improve,improve,1.0,greenbook,fed_staff,gRGDP,real_gdp,+1..+4Q
2003-08-06,4.7,gRGDP_1985_Last.xlsx,improve,improve,1.0,greenbook,fed_staff,gRGDP,real_gdp,+1..+4Q
2003-09-10,4.975,gRGDP_1985_Last.xlsx,improve,improve,1.0,greenbook,fed_staff,gRGDP,real_gdp,+1..+4Q
2003-10-22,5.075,gRGDP_1985_Last.xlsx,improve,improve,1.0,greenbook,fed_staff,gRGDP,real_gdp,+1..+4Q
2003-12-03,5.25,gRGDP_1985_Last.xlsx,improve,improve,1.0,greenbook,fed_staff,gRGDP,real_gdp,+1..+4Q
2004-01-21,5.075000000000001,gRGDP_1985_Last.xlsx,improve,improve,1.0,greenbook,fed_staff,gRGDP,real_gdp,+1..+4Q
2004-03-11,4.9,gRGDP_1985_Last.xlsx,improve,improve,1.0,greenbook,fed_staff,gRGDP,real_gdp,+1..+4Q
2004-04-28,4.5,gRGDP_1985_Last.xlsx,improve,improve,1.0,greenbook,fed_staff,gRGDP,real_gdp,+1..+4Q
2004-06-23,4.3500000000000005,gRGDP_1985_Last.xlsx,improve,improve,1.0,greenbook,fed_staff,gRGDP,real_gdp,+1..+4Q
2004-08-05,3.9499999999999997,gRGDP_1985_Last.xlsx,improve,improve,1.0,greenbook,fed_staff,gRGDP,real_gdp,+1..+4Q
2004-09-15,3.875,gRGDP_1985_Last.xlsx,improve,no_change,0.0,greenbook,fed_staff,gRGDP,real_gdp,+1..+4Q
2004-11-03,3.6750000000000003,gRGDP_1985_Last.xlsx,improve,improve,1.0,greenbook,fed_staff,gRGDP,real_gdp,+1..+4Q
2004-12-08,3.875,gRGDP_1985_Last.xlsx,improve,improve,1.0,greenbook,fed_staff,gRGDP,real_gdp,+1..+4Q
2005-01-26,3.8499999999999996,gRGDP_1985_Last.xlsx,improve,improve,1.0,greenbook,fed_staff,gRGDP,real_gdp,+1..+4Q
2005-03-16,3.875,gRGDP_1985_Last.xlsx,improve,no_change,0.0,greenbook,fed_staff,gRGDP,real_gdp,+1..+4Q
2005-04-28,3.625,gRGDP_1985_Last.xlsx,improve,no_change,0.0,greenbook,fed_staff,gRGDP,real_gdp,+1..+4Q
2005-06-22,3.6,gRGDP_1985_Last.xlsx,improve,no_change,0.0,greenbook,fed_staff,gRGDP,real_gdp,+1..+4Q
2005-08-04,3.3,gRGDP_1985_Last.xlsx,improve,improve,1.0,greenbook,fed_staff,gRGDP,real_gdp,+1..+4Q
2005-09-14,3.625,gRGDP_1985_Last.xlsx,improve,improve,1.0,greenbook,fed_staff,gRGDP,real_gdp,+1..+4Q
2005-10-26,3.3,gRGDP_1985_Last.xlsx,improve,improve,1.0,greenbook,fed_staff,gRGDP,real_gdp,+1..+4Q
2005-12-07,3.45,gRGDP_1985_Last.xlsx,improve,no_change,0.0,greenbook,fed_staff,gRGDP,real_gdp,+1..+4Q
2006-01-25,3.425,gRGDP_1985_Last.xlsx,improve,no_change,0.0,greenbook,fed_staff,gRGDP,real_gdp,+1..+4Q
2006-03-22,3.425,gRGDP_1985_Last.xlsx,improve,improve,1.0,greenbook,fed_staff,gRGDP,real_gdp,+1..+4Q
2006-05-03,3.075,gRGDP_1985_Last.xlsx,improve,improve,1.0,greenbook,fed_staff,gRGDP,real_gdp,+1..+4Q
2006-06-21,2.675,gRGDP_1985_Last.xlsx,improve,improve,1.0,greenbook,fed_staff,gRGDP,real_gdp,+1..+4Q
2006-08-03,2.225,gRGDP_1985_Last.xlsx,improve,improve,1.0,greenbook,fed_staff,gRGDP,real_gdp,+1..+4Q
2006-09-13,1.9249999999999998,gRGDP_1985_Last.xlsx,improve,improve,1.0,greenbook,fed_staff,gRGDP,real_gdp,+1..+4Q
2006-10-18,2.175,gRGDP_1985_Last.xlsx,improve,improve,1.0,greenbook,fed_staff,gRGDP,real_gdp,+1..+4Q
2006-12-06,2.1750000000000003,gRGDP_1985_Last.xlsx,improve,no_change,0.0,greenbook,fed_staff,gRGDP,real_gdp,+1..+4Q
2007-01-24,2.425,gRGDP_1985_Last.xlsx,improve,improve,1.0,greenbook,fed_staff,gRGDP,real_gdp,+1..+4Q
2007-03-14,2.3,gRGDP_1985_Last.xlsx,improve,no_change,0.0,greenbook,fed_staff,gRGDP,real_gdp,+1..+4Q
2007-05-02,2.225,gRGDP_1985_Last.xlsx,improve,no_change,0.0,greenbook,fed_staff,gRGDP,real_gdp,+1..+4Q
2007-06-20,2.425,gRGDP_1985_Last.xlsx,improve,no_change,0.0,greenbook,fed_staff,gRGDP,real_gdp,+1..+4Q
2007-08-02,1.8250000000000002,gRGDP_1985_Last.xlsx,improve,worsen,0.0,greenbook,fed_staff,gRGDP,real_gdp,+1..+4Q
2007-09-12,1.45,gRGDP_1985_Last.xlsx,improve,worsen,0.0,greenbook,fed_staff,gRGDP,real_gdp,+1..+4Q
2007-10-24,1.775,gRGDP_1985_Last.xlsx,improve,worsen,0.0,greenbook,fed_staff,gRGDP,real_gdp,+1..+4Q
2007-12-05,1.325,gRGDP_1985_Last.xlsx,improve,worsen,0.0,greenbook,fed_staff,gRGDP,real_gdp,+1..+4Q
2008-01-23,1.775,gRGDP_1985_Last.xlsx,improve,worsen,0.0,greenbook,fed_staff,gRGDP,real_gdp,+1..+4Q
2008-03-13,0.6749999999999999,gRGDP_1985_Last.xlsx,no_change,worsen,0.0,greenbook,fed_staff,gRGDP,real_gdp,+1..+4Q
2008-04-23,1.6749999999999998,gRGDP_1985_Last.xlsx,improve,worsen,0.0,greenbook,fed_staff,gRGDP,real_gdp,+1..+4Q
2008-06-18,1.375,gRGDP_1985_Last.xlsx,improve,worsen,0.0,greenbook,fed_staff,gRGDP,real_gdp,+1..+4Q
2008-07-30,1.625,gRGDP_1985_Last.xlsx,improve,worsen,0.0,greenbook,fed_staff,gRGDP,real_gdp,+1..+4Q
2008-09-10,1.7750000000000001,gRGDP_1985_Last.xlsx,improve,worsen,0.0,greenbook,fed_staff,gRGDP,real_gdp,+1..+4Q
2008-10-22,-0.09999999999999998,gRGDP_1985_Last.xlsx,no_change,worsen,0.0,greenbook,fed_staff,gRGDP,real_gdp,+1..+4Q
2008-12-10,-0.9,gRGDP_1985_Last.xlsx,no_change,worsen,0.0,greenbook,fed_staff,gRGDP,real_gdp,+1..+4Q
2009-01-22,1.2000000000000002,gRGDP_1985_Last.xlsx,improve,no_change,0.0,greenbook,fed_staff,gRGDP,real_gdp,+1..+4Q
2009-03-12,-0.47500000000000003,gRGDP_1985_Last.xlsx,no_change,improve,0.0,greenbook,fed_staff,gRGDP,real_gdp,+1..+4Q
2009-04-22,1.5,gRGDP_1985_Last.xlsx,improve,improve,1.0,greenbook,fed_staff,gRGDP,real_gdp,+1..+4Q
2009-06-17,1.8499999999999999,gRGDP_1985_Last.xlsx,improve,improve,1.0,greenbook,fed_staff,gRGDP,real_gdp,+1..+4Q
2009-08-06,2.65,gRGDP_1985_Last.xlsx,improve,improve,1.0,greenbook,fed_staff,gRGDP,real_gdp,+1..+4Q
2009-09-16,3.25,gRGDP_1985_Last.xlsx,improve,improve,1.0,greenbook,fed_staff,gRGDP,real_gdp,+1..+4Q
2009-10-29,3.45,gRGDP_1985_Last.xlsx,improve,improve,1.0,greenbook,fed_staff,gRGDP,real_gdp,+1..+4Q
2009-12-09,3.625,gRGDP_1985_Last.xlsx,improve,improve,1.0,greenbook,fed_staff,gRGDP,real_gdp,+1..+4Q
2010-01-20,4.0,gRGDP_1985_Last.xlsx,improve,improve,1.0,greenbook,fed_staff,gRGDP,real_gdp,+1..+4Q
2010-03-10,3.7249999999999996,gRGDP_1985_Last.xlsx,improve,improve,1.0,greenbook,fed_staff,gRGDP,real_gdp,+1..+4Q
2010-04-21,3.925,gRGDP_1985_Last.xlsx,improve,improve,1.0,greenbook,fed_staff,gRGDP,real_gdp,+1..+4Q
2010-06-16,3.175,gRGDP_1985_Last.xlsx,improve,improve,1.0,greenbook,fed_staff,gRGDP,real_gdp,+1..+4Q
2010-08-04,3.225,gRGDP_1985_Last.xlsx,improve,improve,1.0,greenbook,fed_staff,gRGDP,real_gdp,+1..+4Q
2010-09-15,2.9,gRGDP_1985_Last.xlsx,improve,improve,1.0,greenbook,fed_staff,gRGDP,real_gdp,+1..+4Q
2010-10-27,3.625,gRGDP_1985_Last.xlsx,improve,improve,1.0,greenbook,fed_staff,gRGDP,real_gdp,+1..+4Q
2010-12-08,3.7250000000000005,gRGDP_1985_Last.xlsx,improve,improve,1.0,greenbook,fed_staff,gRGDP,real_gdp,+1..+4Q
2011-01-19,4.0,gRGDP_1985_Last.xlsx,improve,improve,1.0,greenbook,fed_staff,gRGDP,real_gdp,+1..+4Q
2011-03-09,3.9749999999999996,gRGDP_1985_Last.xlsx,improve,improve,1.0,greenbook,fed_staff,gRGDP,real_gdp,+1..+4Q
2011-04-20,4.0249999999999995,gRGDP_1985_Last.xlsx,improve,improve,1.0,greenbook,fed_staff,gRGDP,real_gdp,+1..+4Q
2011-06-15,3.3,gRGDP_1985_Last.xlsx,improve,improve,1.0,greenbook,fed_staff,gRGDP,real_gdp,+1..+4Q
2011-08-03,2.7249999999999996,gRGDP_1985_Last.xlsx,improve,no_change,0.0,greenbook,fed_staff,gRGDP,real_gdp,+1..+4Q
2011-09-14,2.3,gRGDP_1985_Last.xlsx,improve,no_change,0.0,greenbook,fed_staff,gRGDP,real_gdp,+1..+4Q
2011-10-26,2.55,gRGDP_1985_Last.xlsx,improve,no_change,0.0,greenbook,fed_staff,gRGDP,real_gdp,+1..+4Q
2011-12-07,2.35,gRGDP_1985_Last.xlsx,improve,no_change,0.0,greenbook,fed_staff,gRGDP,real_gdp,+1..+4Q
2012-01-18,2.225,gRGDP_1985_Last.xlsx,improve,no_change,0.0,greenbook,fed_staff,gRGDP,real_gdp,+1..+4Q
2012-03-07,2.5,gRGDP_1985_Last.xlsx,improve,improve,1.0,greenbook,fed_staff,gRGDP,real_gdp,+1..+4Q
2012-04-18,2.625,gRGDP_1985_Last.xlsx,improve,no_change,0.0,greenbook,fed_staff,gRGDP,real_gdp,+1..+4Q
2012-06-13,1.9,gRGDP_1985_Last.xlsx,improve,no_change,0.0,greenbook,fed_staff,gRGDP,real_gdp,+1..+4Q
2012-07-25,1.9000000000000001,gRGDP_1985_Last.xlsx,improve,no_change,0.0,greenbook,fed_staff,gRGDP,real_gdp,+1..+4Q
2012-09-05,2.15,gRGDP_1985_Last.xlsx,improve,improve,1.0,greenbook,fed_staff,gRGDP,real_gdp,+1..+4Q
2012-10-17,2.6,gRGDP_1985_Last.xlsx,improve,improve,1.0,greenbook,fed_staff,gRGDP,real_gdp,+1..+4Q
2012-12-05,2.475,gRGDP_1985_Last.xlsx,improve,no_change,0.0,greenbook,fed_staff,gRGDP,real_gdp,+1..+4Q
2013-01-23,2.5999999999999996,gRGDP_1985_Last.xlsx,improve,no_change,0.0,greenbook,fed_staff,gRGDP,real_gdp,+1..+4Q
2013-03-13,2.525,gRGDP_1985_Last.xlsx,improve,improve,1.0,greenbook,fed_staff,gRGDP,real_gdp,+1..+4Q
2013-04-24,2.9,gRGDP_1985_Last.xlsx,improve,improve,1.0,greenbook,fed_staff,gRGDP,real_gdp,+1..+4Q
2013-06-12,3.075,gRGDP_1985_Last.xlsx,improve,improve,1.0,greenbook,fed_staff,gRGDP,real_gdp,+1..+4Q
2013-07-24,3.2750000000000004,gRGDP_1985_Last.xlsx,improve,improve,1.0,greenbook,fed_staff,gRGDP,real_gdp,+1..+4Q
2013-09-11,2.95,gRGDP_1985_Last.xlsx,improve,improve,1.0,greenbook,fed_staff,gRGDP,real_gdp,+1..+4Q
2013-10-23,3.275,gRGDP_1985_Last.xlsx,improve,improve,1.0,greenbook,fed_staff,gRGDP,real_gdp,+1..+4Q
2013-12-12,3.0999999999999996,gRGDP_1985_Last.xlsx,improve,improve,1.0,greenbook,fed_staff,gRGDP,real_gdp,+1..+4Q
2014-01-23,3.4000000000000004,gRGDP_1985_Last.xlsx,improve,improve,1.0,greenbook,fed_staff,gRGDP,real_gdp,+1..+4Q
2014-03-12,3.3499999999999996,gRGDP_1985_Last.xlsx,improve,no_change,0.0,greenbook,fed_staff,gRGDP,real_gdp,+1..+4Q
2014-04-23,3.4000000000000004,gRGDP_1985_Last.xlsx,improve,no_change,0.0,greenbook,fed_staff,gRGDP,real_gdp,+1..+4Q
2014-06-11,3.3000000000000003,gRGDP_1985_Last.xlsx,improve,no_change,0.0,greenbook,fed_staff,gRGDP,real_gdp,+1..+4Q
2014-07-23,3.175,gRGDP_1985_Last.xlsx,improve,no_change,0.0,greenbook,fed_staff,gRGDP,real_gdp,+1..+4Q
2014-09-10,2.7,gRGDP_1985_Last.xlsx,improve,no_change,0.0,greenbook,fed_staff,gRGDP,real_gdp,+1..+4Q
2014-10-22,2.35,gRGDP_1985_Last.xlsx,improve,worsen,0.0,greenbook,fed_staff,gRGDP,real_gdp,+1..+4Q
2014-12-10,2.55,gRGDP_1985_Last.xlsx,improve,worsen,0.0,greenbook,fed_staff,gRGDP,real_gdp,+1..+4Q
2015-01-21,2.8,gRGDP_1985_Last.xlsx,improve,worsen,0.0,greenbook,fed_staff,gRGDP,real_gdp,+1..+4Q
2015-03-11,2.4000000000000004,gRGDP_1985_Last.xlsx,improve,worsen,0.0,greenbook,fed_staff,gRGDP,real_gdp,+1..+4Q
2015-04-22,2.375,gRGDP_1985_Last.xlsx,improve,worsen,0.0,greenbook,fed_staff,gRGDP,real_gdp,+1..+4Q
2015-06-10,2.25,gRGDP_1985_Last.xlsx,improve,no_change,0.0,greenbook,fed_staff,gRGDP,real_gdp,+1..+4Q
2015-07-22,2.3,gRGDP_1985_Last.xlsx,improve,no_change,0.0,greenbook,fed_staff,gRGDP,real_gdp,+1..+4Q
2015-09-09,1.9500000000000002,gRGDP_1985_Last.xlsx,improve,no_change,0.0,greenbook,fed_staff,gRGDP,real_gdp,+1..+4Q
2015-10-21,2.225,gRGDP_1985_Last.xlsx,improve,no_change,0.0,greenbook,fed_staff,gRGDP,real_gdp,+1..+4Q
2015-12-09,2.5250000000000004,gRGDP_1985_Last.xlsx,improve,no_change,0.0,greenbook,fed_staff,gRGDP,real_gdp,+1..+4Q
2016-01-20,2.375,gRGDP_1985_Last.xlsx,improve,no_change,0.0,greenbook,fed_staff,gRGDP,real_gdp,+1..+4Q
2016-03-09,2.1500000000000004,gRGDP_1985_Last.xlsx,improve,no_change,0.0,greenbook,fed_staff,gRGDP,real_gdp,+1..+4Q
2016-04-20,2.475,gRGDP_1985_Last.xlsx,improve,no_change,0.0,greenbook,fed_staff,gRGDP,real_gdp,+1..+4Q
2016-06-08,2.25,gRGDP_1985_Last.xlsx,improve,no_change,0.0,greenbook,fed_staff,gRGDP,real_gdp,+1..+4Q
2016-07-20,2.325,gRGDP_1985_Last.xlsx,improve,no_change,0.0,greenbook,fed_staff,gRGDP,real_gdp,+1..+4Q
2016-09-14,2.3499999999999996,gRGDP_1985_Last.xlsx,improve,no_change,0.0,greenbook,fed_staff,gRGDP,real_gdp,+1..+4Q
2016-10-26,2.2,gRGDP_1985_Last.xlsx,improve,no_change,0.0,greenbook,fed_staff,gRGDP,real_gdp,+1..+4Q
2016-12-07,2.1999999999999997,gRGDP_1985_Last.xlsx,improve,improve,1.0,greenbook,fed_staff,gRGDP,real_gdp,+1..+4Q
2017-01-23,2.125,gRGDP_1985_Last.xlsx,improve,improve,1.0,greenbook,fed_staff,gRGDP,real_gdp,+1..+4Q
2017-03-03,2.225,gRGDP_1985_Last.xlsx,improve,improve,1.0,greenbook,fed_staff,gRGDP,real_gdp,+1..+4Q
2017-04-21,2.35,gRGDP_1985_Last.xlsx,improve,improve,1.0,greenbook,fed_staff,gRGDP,real_gdp,+1..+4Q
2017-06-05,2.625,gRGDP_1985_Last.xlsx,improve,improve,1.0,greenbook,fed_staff,gRGDP,real_gdp,+1..+4Q
2017-07-14,2.35,gRGDP_1985_Last.xlsx,improve,improve,1.0,greenbook,fed_staff,gRGDP,real_gdp,+1..+4Q
2017-09-08,2.6499999999999995,gRGDP_1985_Last.xlsx,improve,improve,1.0,greenbook,fed_staff,gRGDP,real_gdp,+1..+4Q
2017-10-20,2.35,gRGDP_1985_Last.xlsx,improve,improve,1.0,greenbook,fed_staff,gRGDP,real_gdp,+1..+4Q
2017-12-01,2.4,gRGDP_1985_Last.xlsx,improve,improve,1.0,greenbook,fed_staff,gRGDP,real_gdp,+1..+4Q
2018-01-19,2.925,gRGDP_1985_Last.xlsx,improve,no_change,0.0,greenbook,fed_staff,gRGDP,real_gdp,+1..+4Q
2018-03-09,3.1250000000000004,gRGDP_1985_Last.xlsx,improve,no_change,0.0,greenbook,fed_staff,gRGDP,real_gdp,+1..+4Q
2018-04-20,2.875,gRGDP_1985_Last.xlsx,improve,no_change,0.0,greenbook,fed_staff,gRGDP,real_gdp,+1..+4Q
2018-06-01,2.675,gRGDP_1985_Last.xlsx,improve,no_change,0.0,greenbook,fed_staff,gRGDP,real_gdp,+1..+4Q
2018-07-20,2.5,gRGDP_1985_Last.xlsx,improve,no_change,0.0,greenbook,fed_staff,gRGDP,real_gdp,+1..+4Q
2018-09-14,2.5500000000000003,gRGDP_1985_Last.xlsx,improve,no_change,0.0,greenbook,fed_staff,gRGDP,real_gdp,+1..+4Q
2018-10-26,2.375,gRGDP_1985_Last.xlsx,improve,worsen,0.0,greenbook,fed_staff,gRGDP,real_gdp,+1..+4Q
2018-12-07,2.35,gRGDP_1985_Last.xlsx,improve,no_change,0.0,greenbook,fed_staff,gRGDP,real_gdp,+1..+4Q
2019-01-18,2.075,gRGDP_1985_Last.xlsx,improve,no_change,0.0,greenbook,fed_staff,gRGDP,real_gdp,+1..+4Q
2019-03-08,2.075,gRGDP_1985_Last.xlsx,improve,worsen,0.0,greenbook,fed_staff,gRGDP,real_gdp,+1..+4Q
2019-04-19,2.2750000000000004,gRGDP_1985_Last.xlsx,improve,worsen,0.0,greenbook,fed_staff,gRGDP,real_gdp,+1..+4Q
2019-06-07,1.9,gRGDP_1985_Last.xlsx,improve,worsen,0.0,greenbook,fed_staff,gRGDP,real_gdp,+1..+4Q
2019-07-19,2.025,gRGDP_1985_Last.xlsx,improve,worsen,0.0,greenbook,fed_staff,gRGDP,real_gdp,+1..+4Q
2019-09-06,1.9500000000000002,gRGDP_1985_Last.xlsx,improve,worsen,0.0,greenbook,fed_staff,gRGDP,real_gdp,+1..+4Q
2019-10-18,1.9749999999999999,gRGDP_1985_Last.xlsx,improve,worsen,0.0,greenbook,fed_staff,gRGDP,real_gdp,+1..+4Q
2019-11-26,2.1,gRGDP_1985_Last.xlsx,improve,worsen,0.0,greenbook,fed_staff,gRGDP,real_gdp,+1..+4Q
2020-01-17,2.3000000000000003,gRGDP_1985_Last.xlsx,improve,no_change,0.0,greenbook,fed_staff,gRGDP,real_gdp,+1..+4Q
2020-03-06,2.4749999999999996,gRGDP_1985_Last.xlsx,improve,no_change,0.0,greenbook,fed_staff,gRGDP,real_gdp,+1..+4Q
2020-04-17,12.525,gRGDP_1985_Last.xlsx,improve,improve,1.0,greenbook,fed_staff,gRGDP,real_gdp,+1..+4Q
2020-05-29,11.175,gRGDP_1985_Last.xlsx,improve,improve,1.0,greenbook,fed_staff,gRGDP,real_gdp,+1..+4Q
2020-07-17,6.425,gRGDP_1985_Last.xlsx,improve,improve,1.0,greenbook,fed_staff,gRGDP,real_gdp,+1..+4Q
2020-09-04,3.8,gRGDP_1985_Last.xlsx,improve,improve,1.0,greenbook,fed_staff,gRGDP,real_gdp,+1..+4Q
2020-10-23,3.5749999999999997,gRGDP_1985_Last.xlsx,improve,improve,1.0,greenbook,fed_staff,gRGDP,real_gdp,+1..+4Q
2020-12-04,4.325,gRGDP_1985_Last.xlsx,improve,no_change,0.0,greenbook,fed_staff,gRGDP,real_gdp,+1..+4Q
