,0.00019999999999999985,0.0002682752976996296,0.0003598581767791244,0.000482705297525328,0.0006474895369739782,0.0008685272414454472,0.001165022021295078,0.001562733147947806,0.002096213502453885,0.002811811507063998,0.003771697845664194,0.0050592668118930656,0.006786381550512346,0.009103092653834867,0.012210674458474308,0.01637911162730229,0.021970555239349952,0.029470786237313848,0.03953141975628759,0.0530265170180354,0.0711285231949396,0.09541012867528723,0.1279809033696132,0.1716705747567527,0.23027487274567193,0.30888530019294724,0.4143314793215122,0.555774504806533,0.7455028536541849,1.0
c_direction_improve,0.0,0.0,0.0,0.0,0.0,0.0,0.0,0.0,0.0,0.0,0.0,0.0,0.0,0.0,0.0,0.0,0.0,0.0,0.0,0.0,0.0,0.0,0.0,0.0,0.0,0.0,0.0,0.0,0.0,0.0
c_direction_no_change,0.0,0.0,0.0,0.0,0.0,0.0,0.0,0.0,0.0,0.0,0.0,0.0,0.0,0.0,-0.16154212331839954,-0.3799295434476959,-0.5531571816118369,-0.690193684022794,-0.7979789022650211,-0.8842806012383702,-0.9524031917377578,-1.0056696528549445,-1.0465505284264394,-1.0779858544321166,-1.1020581918906718,-1.1204793705891307,-1.1344328308821026,-1.144963363442067,-1.1528431003741475,-1.158740959461603
c_direction_worsen,0.0,0.0,0.0,0.0,0.0,0.0,0.0,0.0,0.0,0.0,0.0,0.0,0.0,0.0,0.014293211236894322,0.044569903254662306,0.07000890705002645,0.09140444850537145,0.10814721545180603,0.12077033134123581,0.13120539748804502,0.14002173967985998,0.14719117856682928,0.15346885788808673,0.1582600624088039,0.16198797434126022,0.16478531846837985,0.1668816744019848,0.16853457820458656,0.1697730871518329
c_direction_infrequent_sklearn,0.0,0.0,0.0,0.0,0.0,0.0,0.0,0.0,0.0,0.0,0.0,0.0,0.0,0.0,0.0,0.0,0.0,0.0,0.0,0.0,0.0,0.0,0.0,0.0,0.0,0.0,0.0,0.0,0.0,0.0
c_topic_employment,0.0,0.0,0.0,0.0,0.0,0.0,0.0,0.0,0.0,0.0,0.0,0.0,0.0,0.0,0.0,0.0,0.0,0.0,0.0,-0.028421964413017985,-0.1675260925984574,-0.27399022845936394,-0.35489517414395305,-0.4160499004244318,-0.4599190747349195,-0.49271461691179363,-0.5173553744517722,-0.535851607229579,-0.5497484112788541,-0.5601469474365488
c_topic_general_business,0.0,0.0,0.0,0.0,0.0,0.0,0.0,0.0,0.0,0.0,0.02906965438893346,0.11636576313978923,0.18288943740845048,0.24131090489162693,0.26071461403439744,0.27261380729013407,0.2814032612399399,0.2874187788541708,0.2921735195582862,0.29491624527648425,0.2906585055616511,0.2870547375898055,0.2845370045560685,0.28285139251768465,0.283822128515879,0.2846316996595806,0.2852456612885224,0.2857033928923274,0.2861526816764509,0.2864993373450757
c_topic_markets,0.0,0.0,0.0,0.0,0.0,0.0,0.0,0.0,0.0,0.0,0.0,0.0,0.0,0.0,0.0,0.0,0.0,0.0,0.0,0.0,0.0,0.0,0.0,0.0,0.0,0.0,0.0,0.0,0.0,0.0
c_topic_other,0.0,0.0,0.0,0.0,0.0,0.0,0.0,0.0,0.0,0.0,0.0,0.0,0.0,0.0,0.0,0.0,0.0,0.0,0.0,0.0,0.0,0.0,0.0,0.0002231460362347456,0.008277063287299534,0.014464558157643899,0.01909733496888892,0.022563160109363736,0.025571100903247705,0.02783709912793761
c_topic_prices,0.0,0.0,0.0,0.0,0.0,0.0,0.0,0.0,0.0,0.0,0.0,0.0,0.0,0.0,-0.06554656256552571,-0.12440772789787022,-0.16913317474648074,-0.20367633737005436,-0.23040565552755657,-0.2523029419241357,-0.27671975852147757,-0.29517731659608304,-0.3091131838821128,-0.3196287431151317,-0.325230963859776,-0.3294410573161225,-0.3326149140588132,-0.3349956906556123,-0.33689099645390885,-0.33830300819140807
c_voice_expert,0.0,0.0,0.0,0.0,0.0,0.0,0.0,0.0,0.0,0.0,0.0,0.0,0.0,0.0,0.0,0.0,0.0,0.0,0.0,0.0,0.009485400176462959,0.01755565996400017,0.023712998450210337,0.028501381771486253,0.03191944287241295,0.03307229353232172,0.03392726707282867,0.03457577808414006,0.03519591647877181,0.035669585448856005
c_voice_journalist,0.0,0.0,0.0,0.0,0.0,0.0,0.0,0.0,0.0,0.0,0.0,0.0,0.0,0.0,0.0,0.0,0.0,0.0,0.0,0.0,0.0,0.0,0.0,0.0,0.0,0.0,0.0,0.0,0.0,0.0
c_voice_layperson,0.0,0.0,0.0,0.0,0.0,0.0,0.0,0.0,0.0,0.0,0.0,0.0,0.0,0.0,0.0,0.0,0.0,0.0,0.0,0.0,0.0,0.0,0.0,0.0,-0.002385631468189376,-0.018607287362887012,-0.030730974165302644,-0.03978825557304791,-0.04610576371624013,-0.05073858213811052
c_voice_official,0.0,0.0,0.0,0.0,0.0,0.0,0.0,0.0,0.0,0.0,0.0,0.0,0.0,0.0,0.0,0.0,0.0,0.0,0.0,0.0,-0.0006729325551347292,-0.00523024308515934,-0.00887698452866677,-0.012049658669079947,-0.01487123042924481,-0.01842941553137371,-0.02110173486956211,-0.023097370472655112,-0.024138395312581166,-0.024892012044944258
c_voice_unclear,0.0,0.0,0.0,0.0,0.0,0.0,0.0,0.0,0.0,0.0,0.0,0.0,0.0,0.0,0.0,0.0,0.0,0.0,0.0,0.0,0.0,0.0,0.0,0.0,0.0,0.0,0.0,0.0,0.0,0.0
c_voice_infrequent_sklearn,0.0,0.0,0.0,0.0,0.0,0.0,0.0,0.0,0.0,0.0,0.0,0.0,0.0,0.0,0.0,0.0,0.0,0.0,0.0,0.0,0.0,0.0,0.0,0.0,0.0,0.0,0.0,0.0,0.0,0.0
c_scope_na,0.0,0.0,0.0,0.0,0.0,0.0,0.0,0.0,0.0,0.0,0.0,0.0,0.0,0.0,0.0,0.0,0.0,0.0,0.0,0.0,0.0,0.0,0.0,0.0,0.0,0.0,0.0,0.0006966712127691321,0.15246151220886908,0.2709114730374813
c_scope_national,0.0,0.0,0.0,0.0,0.0,0.0,0.0,0.0,0.0,0.0,0.0,0.0,0.0,0.0,0.0,0.0,0.0,0.0,0.0,0.0,0.0,0.0,0.0,0.0,0.0,0.0,0.0,0.0,0.0,0.0
c_scope_infrequent_sklearn,0.0,0.0,0.0,0.0,0.0,0.0,0.0,0.0,0.0,0.0,0.0,0.0,0.0,0.0,0.0,0.0,0.0,0.0,0.0,0.0,0.0,0.0,0.0,0.0,0.0,0.0,0.0,0.0,-0.06938811178609817,-0.12431982459546159
c_confidence_assertive,0.0,0.0,0.0,0.0,0.0,0.0,0.0,0.0,0.0,0.0,0.0,0.0,0.0,0.0,0.0,0.0,0.0,0.0,0.0,-0.00043244659688567534,-0.0037852405366959295,-0.005501999559289524,-0.0024203273108608725,-0.00016591991195928947,-8.829313523062014e-07,-5.839276631384265e-07,-1.2285295871033182e-06,-1.4080297535310644e-06,-3.278130228427123e-06,-5.074317726736846e-06
c_confidence_hedged,0.0,0.0,0.0,0.0,0.0,0.0,0.0,0.0,0.0,0.0,0.0,0.0,0.0,0.0,0.0,0.0,0.0,0.0,0.0,0.000131918723788297,0.0033935640854837685,0.0069312230407688625,0.01405416682255674,0.01934505799920595,0.021944499021612038,0.023959619318119265,0.025468495230670147,0.02659257848245882,0.02734943389449292,0.027907387709021608
c_quoted,0.0,0.0,0.0,0.0,0.0,0.0,0.0,0.0,0.0,0.0,0.0,0.0,0.0,0.0,0.0,0.0,0.0,0.0,0.0,0.0,0.0,0.0,0.0,0.0,0.0,0.0,0.0,0.0,0.0,0.0
c_named,0.0,0.0,0.0,0.0,0.0,0.0,0.0,0.0,0.0,0.0,0.0,0.0,0.0,0.0,0.0,0.0,0.0,0.0,-0.00037113151295387455,-0.002133338011702762,-0.005552840034569277,-0.008276707292812536,-0.010384705595318613,-0.012029983816687509,-0.013277511070907445,-0.013880803744712978,-0.01433393522349538,-0.01467913214061183,-0.015081785645421845,-0.015393224485602796
c_has_number,0.0,0.0,0.0,0.0,0.0,0.0,0.0,0.0,0.0,0.0,0.0,0.0,0.0,0.0,0.0,0.0,-2.974222468979493e-07,-0.0035639317421600853,-0.005993854872227874,-0.007245521645286033,-0.0078675966319795,-0.008519030641646568,-0.00901657869376302,-0.009377467932629174,-0.009799546509977674,-0.010119499545206271,-0.010367104969849645,-0.01054636416361537,-0.010624907912776763,-0.010679996539657332
c_len,0.0,0.0,0.0,0.0,0.0,0.0,0.0,0.0,0.0,0.0,0.0,0.0,0.0,0.0,0.0,0.0,0.0,0.0,-0.0010168863101092708,-0.003885033923159614,-0.006246014258076571,-0.007909279605136129,-0.009225216177565476,-0.01022398049535374,-0.010921661402613105,-0.011407643973823718,-0.011771501634039342,-0.012044929226912733,-0.012366533911541015,-0.012607493389368675
c_horizon,0.0,0.0,0.0,0.0,0.0,0.0,0.0,0.0,0.0,0.0,0.0,0.0,0.0,0.006048136791640625,0.015346491164042448,0.022357711679181366,0.027818707575870835,0.03254395359112326,0.036206406420147046,0.038982372908179345,0.04111332189224686,0.042798049594489976,0.044111764922201056,0.04518747545463185,0.04592476278598407,0.04648309957752401,0.04690326719980754,0.04721004766736446,0.04755072098820956,0.04780561098246036
m_ip_growth_6m,0.0,0.0,0.0,0.0,0.0,0.0,0.0,0.0,0.0,0.0,0.0,0.0,0.0,0.0,0.0,0.0,0.0,-0.005154376971175897,-0.024826278008964496,-0.02403605380111728,-0.023337925949427813,-0.01939896106007382,-0.016462995476944676,-0.01496959293163282,-0.013901470363292976,-0.01313140814280548,-0.012557124160902454,-0.012141891003782537,-0.011850452494558654,-0.011630498082806742
m_ip_growth_12m,0.0,0.0,0.0,0.0,0.0,0.0,0.0,0.0,0.0,0.0,-0.013386326820811492,-0.035687442088684324,-0.052317426664128884,-0.05993843760737542,-0.05656062406045532,-0.05182056101430894,-0.04404856708011578,-0.031180820678227108,0.0,0.0,0.0,0.0,0.0,0.0,0.0,0.0,0.0,0.0,0.0,0.0
m_ip_accel,0.0,0.0,0.0,0.0,0.0,0.0,0.0,0.0,0.0,0.00010043833980781552,0.007778587900924219,0.006346249205870646,0.005572838263353337,0.0012467832488440213,0.0,0.0,0.0,0.0,0.01703484504173928,0.014640951140898893,0.012691420669068696,0.009226197115748154,0.006524584764809001,0.006265949713494471,0.006034485226626035,0.005815022879420154,0.005644710081387484,0.00552008879080661,0.005124044867922734,0.004798646772786356
m_ip_gap,0.0,0.0,0.0,0.0,0.0,0.0,0.0,0.0,0.0,0.0,0.0,0.0,0.0,-0.010208654257085784,-0.02958863692453906,-0.04744609817443435,-0.06107338489160901,-0.08125971059459207,-0.09367540397633525,-0.10174718198205207,-0.10800548559921463,-0.11883431431275857,-0.12756333598580283,-0.13270683543441314,-0.136597271240052,-0.1395259516593943,-0.1417152843224272,-0.14335802083818647,-0.14449229185269713,-0.14535666323694948
m_cpi_yoy,0.0,0.0,0.0,0.0,0.0,0.0,0.0,0.0,0.0,0.0,0.0,0.0,0.0,0.0,0.0,0.0,-0.018313224695986736,-0.05153803442321523,-0.07548325315491067,-0.09569017020795983,-0.11088577867107309,-0.12204889579236851,-0.13219431986526975,-0.138942706549869,-0.14411932240329395,-0.14800959874802472,-0.1509330545984982,-0.15311969645653295,-0.15473803888061555,-0.15596433013247168
m_cpi_accel,0.0,0.0,0.0,0.0,0.0,0.0,0.0,0.0,0.0,0.0,0.0,0.0,0.0,0.0,0.0,0.006407441492240307,0.014926469925911097,0.018318279876123493,0.021129109123031748,0.02214453069763792,0.02294954644436663,0.02663052773961577,0.029877510194728188,0.03244234942579706,0.03435235887091235,0.03577751705929551,0.03684932151424894,0.03765108421995436,0.03829411287460112,0.038774461296497635
m_unrate,0.0,0.0,0.0,0.0,0.0,0.0,0.0,0.0,0.0,0.0,0.0,0.019297417747765108,0.035444185575341826,0.04827889139928438,0.05793029583484507,0.06458447371592442,0.07145898047463167,0.11831341201755864,0.19350544249890736,0.2508603602085086,0.2946671322396907,0.3282005557201151,0.35325741331260035,0.37197661008917565,0.3861389127859344,0.39688142946127564,0.4049437634309593,0.41098801323971257,0.4157529990490271,0.4193600122215447
m_unrate_d6,0.0,0.0,0.0,0.0,0.0,0.0,0.0,0.0,0.0,0.0,0.005875082049288152,0.01564021587222606,0.022658783082975004,0.02735658652233584,0.029804989771044555,0.031772832155935314,0.03363362996944993,0.029988440353482217,0.02302414510003409,0.018054667932588014,0.015107069838303277,0.012356020839299783,0.010362841853747029,0.009374704896254695,0.008615254700540293,0.008045252887201742,0.0076144003582809625,0.007295617066735166,0.007050981275377765,0.006866204787970271
m_stock_ret6,0.0,0.0,0.0,0.0,0.0,0.0,0.0,0.0,0.0,0.0,0.0,0.0,0.0,0.0,-0.004564224909871631,-0.02959854638957686,-0.05324845967430171,-0.09761322207127704,-0.13438225646243632,-0.16404472483828209,-0.18610873437065595,-0.1991156569459823,-0.2104420974126004,-0.22353934381039764,-0.23357940472086255,-0.24124742963400286,-0.24705417071032792,-0.251443915325271,-0.2546469710102649,-0.25704808576419524
m_stock_ret12,0.0,0.0,0.0,0.0,0.0,0.0,0.0,0.0,0.0,0.0,0.0,0.0,0.0,0.0,0.0,0.0,0.0,0.0,0.0,0.0,-0.00011408657081913301,-0.011414079148476669,-0.01890842863393555,-0.01788108671470287,-0.017189640836866603,-0.01678861707410404,-0.016499734000773474,-0.01629285054392137,-0.01632344553075751,-0.016366798288881566
m_stock_vol6,0.0,0.0,0.0,0.0,0.0,0.0,0.0,0.0,0.0,0.0,0.0,0.0,0.0,-0.012421594854322435,-0.03891443313836799,-0.07480957646534424,-0.1065527547646393,-0.11593027473730988,-0.12245353329722561,-0.1280647992726861,-0.1326282545403695,-0.13303728982000992,-0.1329090001734201,-0.13362641390194951,-0.13413861881847086,-0.13454609067468637,-0.13486368601900928,-0.13511044092708524,-0.1353396888987642,-0.1355092723692917
m_stock_drawdown,0.0,0.0,0.0,0.0,0.0,0.0,0.0,0.0,0.0,0.0,0.0,0.0,0.0,0.0,0.0,0.0,0.0019646906408339513,0.053649194322389834,0.09585904063342973,0.12710133044515973,0.15047983601885384,0.17995461481108335,0.2042979920594814,0.21957650973204484,0.2312531824614991,0.24014057157953744,0.24683877555040057,0.2518641978587028,0.25553596887232016,0.258306063128006
m_epu,0.0,0.0,0.0,0.0,0.0,0.0,0.0,0.0,0.0,0.0,0.010233303352620847,0.032144330034383155,0.049730671296739415,0.04480510181338075,0.03648354791472466,0.02993340213304884,0.02734719604106171,0.02999506572137086,0.029979227567118277,0.02824940983524329,0.02654821688856462,0.026898873214249643,0.02749832016331994,0.02740598527068753,0.027220816131055873,0.02708063492233709,0.026953058041756885,0.026855939595358105,0.026487907838266968,0.026199761187889907
has_ip_growth_6m,0.0,0.0,0.0,0.0,0.0,0.0,0.0,0.0,0.0,0.0,0.0,0.0,0.0,0.0,0.0,0.0,0.0,0.0,-0.0011531643563223355,-0.021149353100136523,-0.03641149845990385,-0.08759490574263032,-0.13460548336955563,-0.17218519524984005,-0.20027236275748142,-0.22104289341716826,-0.23655643043427516,-0.2481468464545725,-0.25676869014472026,-0.26320938048791864
has_ip_growth_12m,0.0,0.0,0.0,0.0,0.0,0.0,0.0,0.0,0.0,0.0,0.0,0.0,0.0,0.0,0.0,0.0,0.0,0.0,0.0,0.0,0.0,0.02800153176296125,0.05190344509915175,0.07058022568711737,0.0845320715061535,0.094838611596123,0.102534722048278,0.10828192132698093,0.11253188879997031,0.11570130633439926
has_ip_accel,0.0,0.0,0.0,0.0,0.0,0.0,0.0,0.0,0.0,0.0,0.0,0.0,0.0,0.0,0.0,0.0,0.0,0.0,0.0,0.0,0.0,0.02800153176296125,0.05190344509915175,0.07058022568711737,0.0845320715061535,0.094838611596123,0.102534722048278,0.10828192132698093,0.11253188879997031,0.11570130633439926
has_ip_gap,0.0,0.0,0.0,0.0,0.0,0.0,0.0,0.0,0.0,0.0,0.0,0.0,0.0,-0.017171960539366662,-0.039364900388902474,-0.0650553246970106,-0.10211628879503451,-0.1444785618358949,-0.1742046969779966,-0.18672828145012746,-0.19661640266454583,-0.21846462214008452,-0.2377323516740284,-0.25146961701875725,-0.2616909814926661,-0.26925384781658807,-0.27491582877219933,-0.2791528931674082,-0.2823540204245512,-0.28475722360349387
has_cpi_yoy,0.0,0.0,0.0,0.0,0.0,0.0,0.0,0.0,0.0,0.0,0.011416239565478171,0.027069577764627355,0.038995740780192995,0.05547088682645588,0.07749592523577653,0.07704250597437078,0.07634647075261292,0.07606013821271117,0.07614849300094677,0.0765898134713257,0.07711192139867604,0.07745360968169654,0.07776938518323499,0.07809900141723966,0.07832543236453035,0.07855778001455822,0.07873220533980774,0.07886362180014608,0.07899296243736197,0.07909078977487871
has_cpi_accel,0.0,0.0,0.0,0.0,0.0,0.0,0.0,0.0,0.0,0.0,0.011416239565478171,0.027069577764627355,0.038995740780192995,0.05547088682645588,0.07749592523577653,0.07704250597437078,0.07634647075261292,0.07606013821271117,0.07614849300094677,0.0765898134713257,0.07711192139867604,0.07745360968169654,0.07776938518323499,0.07809900141723966,0.07832543236453035,0.07855778001455822,0.07873220533980774,0.07886362180014608,0.07899296243736197,0.07909078977487871
has_unrate,0.0,0.0,0.0,0.0,0.0,0.0,0.0,0.0,0.0,0.0,0.0,0.0,0.0,0.0,0.0,0.0,0.0,-0.043369197508547806,-0.11751855555025506,-0.17377484825376033,-0.21393290054661457,-0.24573986977504036,-0.2695192513620807,-0.28712596782853866,-0.30051855109660447,-0.3106979086908816,-0.31832851376825066,-0.324053629491725,-0.32719098760288107,-0.32905509090613133
has_unrate_d6,0.0,0.0,0.0,0.0,0.0,0.0,0.0,0.0,0.0,0.0,0.0,0.0,0.0,0.0,0.0,0.0,0.0,0.0,0.0,0.0,0.0,0.0,0.0,0.0,0.0,0.0,0.0,0.0,-0.0014910827085685388,-0.0031416071604193387
has_stock_ret6,0.0,0.0,0.0,0.0,0.0,0.0,0.0,0.0,0.0,0.0,0.0,0.0,0.0,0.0,0.0,0.027297586383248897,0.05755117650979808,0.09231124091878852,0.11879848154319442,0.14300188020412882,0.1614812586663359,0.17664602747666067,0.18909807513021915,0.23279922325533903,0.26802231776389823,0.29592520274016754,0.3177469706745863,0.33462176756859086,0.34757009387771265,0.3574179329747701
has_stock_ret12,0.0,0.0,0.0,0.0,0.0,0.0,0.0,0.0,0.0,0.0,0.0,0.0,0.0,0.0,0.0,0.0,0.0,0.0,0.0,0.0,0.0,0.0,-0.016280031816956638,-0.12215287299338437,-0.20631378412132556,-0.2723727818309855,-0.32361210211217334,-0.3630067274981471,-0.3928335837368627,-0.4154244717812776
has_stock_vol6,0.0,0.0,0.0,0.0,0.0,0.0,0.0,0.0,0.0,0.0,0.0,0.0,0.0,0.0,0.0,0.027297586383248897,0.05755117650979808,0.09231124091878852,0.11879848154319442,0.14300188020412882,0.1614812586663359,0.17664602747666067,0.18909807513021915,0.23279922325533903,0.26802231776389823,0.29592520274016754,0.3177469706745863,0.33462176756859086,0.34757009387771265,0.3574179329747701
has_stock_drawdown,0.0,0.0,0.0,0.0,0.0,0.0,0.0,0.0,0.0,0.0,0.0,0.0,0.0,0.0,0.0,0.0,0.0,0.0,0.0,0.0,0.0,0.0,0.020115875168824404,0.0586226716757676,0.08729747728456669,0.10871278436069932,0.12466092959454368,0.13655062804369034,0.1451454912784182,0.15155132945628005
has_epu,0.0,0.0,0.0,0.0,0.0,0.0,0.0,0.0,0.0,0.0,0.0,0.0,0.0,0.0,0.0,0.0,0.0,0.0,0.0,0.0,0.0,0.0,0.0,0.0,0.0,0.0,0.0,0.0,0.0,0.0
x_dir_sign,0.0,0.0,0.0,0.0,0.0,0.0,0.0,0.0,0.0,0.0,0.0,0.0,0.0,-0.09650261200073644,-0.20373677831238207,-0.2847528301947179,-0.34609701937409093,-0.396724769929295,-0.43696007431450834,-0.4686108147907606,-0.49337116081311333,-0.5113031386536572,-0.5247535342490369,-0.5347162798239623,-0.5423200894742497,-0.5480959386704028,-0.5524660799095317,-0.5557633473261816,-0.5581518684273544,-0.5599510652154294
x_dir_stock_ret6,0.0,0.0,0.0,0.0,0.0,0.09947278324189766,0.18089684947012014,0.24583755278497746,0.29742639553209477,0.3383356223227302,0.33243547420170455,0.31670342926998984,0.30567115554758756,0.30750072955913654,0.3151653221308929,0.3325754802507901,0.34576127442640303,0.36437529522744105,0.38075230156277545,0.39408044552347227,0.4040089108495984,0.4116354831089577,0.4177343112061329,0.4223530731631369,0.4261548131026136,0.4292277592102225,0.4316366030251742,0.43351187530855895,0.4347081248086136,0.43562091311643913
x_dir_stock_drawdown,0.0,0.0,0.0,0.0,0.0,0.0,0.0,0.0,0.0,0.0,0.0747715759440135,0.1559975884216443,0.21788053784290803,0.2531224458225318,0.27335773500459554,0.28621682282029764,0.2975884438296648,0.2945356748983039,0.2901445335901365,0.2864565984246797,0.2836889404548957,0.28096847000013714,0.2785093667131944,0.27620462883330776,0.27432189498864407,0.2728440542598546,0.27168984095342913,0.27079852530262843,0.27047371673357884,0.27023897009587505
x_dir_epu,0.0,0.0,0.0,0.0,0.13894679321610423,0.24318850559152103,0.3247810423147781,0.38922402254390515,0.439904471384081,0.4846397848940658,0.5601312641494653,0.6289100005871212,0.6828967412015516,0.8111692235463251,0.9399418590189667,1.0444950886904987,1.1257888327687842,1.1864443204840898,1.233520824518219,1.2704150345749121,1.2994392750921655,1.320241546346144,1.3357512541443988,1.3470622202087317,1.3557384685733567,1.362390711568172,1.3674399453061872,1.3712585419509324,1.3743067459502518,1.3766264270906219
x_dir_ip_accel,0.0,0.0,0.0,0.0,0.0,0.0,0.0,0.0,0.0,0.031421105590551154,0.0774589974613766,0.11814218975125432,0.1496432440580292,0.17224477236019223,0.18810723716203392,0.20117538063238746,0.21124914700489797,0.21957757846701342,0.22516841578946156,0.22946007796897325,0.23265111261640276,0.23444782250152513,0.2358202835388774,0.23681461538045978,0.237561578487181,0.2381802542095543,0.23865112192566496,0.2390034830267779,0.2393672798347674,0.2396578191401678
