_m,n_all,imp,wor,n_dir,disag_A,disag_B
1900-01,10,6,4,10,0.8,0.8
1900-02,12,7,5,12,0.8333333333333333,0.8333333333333333
1900-03,21,18,2,20,0.2857142857142858,0.19999999999999996
1900-04,11,11,0,11,0.0,0.0
1900-05,23,15,6,21,0.6956521739130435,0.5714285714285714
1900-06,18,10,8,18,0.8888888888888888,0.8888888888888888
1900-07,10,6,4,10,0.8,0.8
1900-08,20,15,5,20,0.5,0.5
1900-09,16,8,7,15,1.0,0.9333333333333333
1900-10,14,6,8,14,0.8571428571428571,0.8571428571428571
1900-11,26,5,21,26,0.3846153846153846,0.3846153846153846
1900-12,16,15,1,16,0.125,0.125
1901-01,15,12,3,15,0.3999999999999999,0.3999999999999999
1901-02,16,7,9,16,0.875,0.875
1901-03,23,20,3,23,0.26086956521739135,0.26086956521739135
1901-04,13,11,2,13,0.3076923076923077,0.3076923076923077
1901-05,17,9,7,16,0.9411764705882353,0.875
1901-06,23,17,5,22,0.5217391304347827,0.4545454545454546
1901-07,16,7,9,16,0.875,0.875
1901-08,11,5,6,11,0.9090909090909091,0.9090909090909091
1901-09,21,12,9,21,0.8571428571428572,0.8571428571428572
1901-10,18,15,3,18,0.33333333333333326,0.33333333333333326
1901-11,18,13,4,17,0.5555555555555556,0.47058823529411775
1901-12,16,12,2,14,0.5,0.2857142857142858
1902-01,26,18,8,26,0.6153846153846154,0.6153846153846154
1902-02,8,6,1,7,0.5,0.2857142857142858
1902-03,9,7,2,9,0.4444444444444444,0.4444444444444444
1902-04,12,11,1,12,0.16666666666666674,0.16666666666666674
1902-05,11,9,2,11,0.36363636363636354,0.36363636363636354
1902-06,22,17,5,22,0.4545454545454546,0.4545454545454546
1902-07,23,19,4,23,0.34782608695652173,0.34782608695652173
1902-08,14,12,2,14,0.2857142857142858,0.2857142857142858
1902-09,12,8,3,11,0.6666666666666667,0.5454545454545454
1902-10,18,12,6,18,0.6666666666666667,0.6666666666666667
1902-11,10,7,2,9,0.6000000000000001,0.4444444444444444
1902-12,23,17,5,22,0.5217391304347827,0.4545454545454546
1903-01,17,16,1,17,0.11764705882352944,0.11764705882352944
1903-02,26,22,4,26,0.3076923076923077,0.3076923076923077
1903-03,15,8,6,14,0.9333333333333333,0.8571428571428572
1903-04,11,10,1,11,0.18181818181818188,0.18181818181818188
1903-05,14,11,2,13,0.4285714285714286,0.3076923076923077
1903-06,12,9,3,12,0.5,0.5
1903-07,36,30,6,36,0.33333333333333326,0.33333333333333326
1903-08,32,24,8,32,0.5,0.5
1903-09,34,30,3,33,0.23529411764705888,0.18181818181818188
1903-10,16,6,10,16,0.75,0.75
1903-11,11,8,3,11,0.5454545454545454,0.5454545454545454
1903-12,31,26,3,29,0.32258064516129026,0.2068965517241379
1904-01,27,27,0,27,0.0,0.0
1904-02,11,7,4,11,0.7272727272727273,0.7272727272727273
1904-03,13,12,1,13,0.15384615384615374,0.15384615384615374
1904-04,20,18,2,20,0.19999999999999996,0.19999999999999996
1904-05,14,8,5,13,0.8571428571428572,0.7692307692307692
1904-06,19,16,3,19,0.3157894736842106,0.3157894736842106
1904-07,37,29,8,37,0.43243243243243246,0.43243243243243246
1904-08,16,14,2,16,0.25,0.25
1904-09,18,11,5,16,0.7777777777777777,0.625
1904-10,35,22,13,35,0.7428571428571429,0.7428571428571429
1904-11,10,10,0,10,0.0,0.0
1904-12,22,18,3,21,0.36363636363636354,0.2857142857142858
1905-01,20,16,2,18,0.3999999999999999,0.22222222222222232
1905-02,11,7,3,10,0.7272727272727273,0.6000000000000001
1905-03,12,6,6,12,1.0,1.0
1905-04,16,15,1,16,0.125,0.125
1905-05,16,11,5,16,0.625,0.625
1905-06,9,7,2,9,0.4444444444444444,0.4444444444444444
1905-07,15,10,5,15,0.6666666666666667,0.6666666666666667
1905-08,12,9,3,12,0.5,0.5
1905-09,27,22,4,26,0.37037037037037046,0.3076923076923077
1905-10,31,10,21,31,0.6451612903225806,0.6451612903225806
1905-11,14,9,4,13,0.7142857142857142,0.6153846153846154
1905-12,20,14,6,20,0.6000000000000001,0.6000000000000001
1906-01,27,19,7,26,0.5925925925925926,0.5384615384615385
1906-02,13,11,2,13,0.3076923076923077,0.3076923076923077
1906-03,22,16,6,22,0.5454545454545454,0.5454545454545454
1906-04,12,12,0,12,0.0,0.0
1906-05,12,12,0,12,0.0,0.0
1906-06,11,5,6,11,0.9090909090909091,0.9090909090909091
1906-07,26,22,3,25,0.3076923076923077,0.24
1906-08,17,10,7,17,0.8235294117647058,0.8235294117647058
1906-09,15,10,5,15,0.6666666666666667,0.6666666666666667
1906-10,23,17,5,22,0.5217391304347827,0.4545454545454546
1906-11,17,11,3,14,0.7058823529411764,0.4285714285714286
1906-12,24,18,6,24,0.5,0.5
1907-01,24,21,3,24,0.25,0.25
1907-02,20,11,8,19,0.8999999999999999,0.8421052631578947
1907-03,16,9,6,15,0.875,0.8
1907-04,31,22,7,29,0.5806451612903225,0.48275862068965525
1907-05,21,12,9,21,0.8571428571428572,0.8571428571428572
1907-06,23,12,10,22,0.9565217391304348,0.9090909090909092
1907-07,16,14,1,15,0.25,0.1333333333333333
1907-08,25,18,6,24,0.56,0.5
1907-09,31,19,10,29,0.7741935483870968,0.6896551724137931
1907-10,30,21,7,28,0.6000000000000001,0.5
1907-11,39,35,4,39,0.20512820512820507,0.20512820512820507
1907-12,15,10,4,14,0.6666666666666667,0.5714285714285714
1908-01,19,18,1,19,0.10526315789473695,0.10526315789473695
1908-02,14,13,1,14,0.1428571428571428,0.1428571428571428
1908-03,17,15,2,17,0.23529411764705888,0.23529411764705888
1908-04,10,9,1,10,0.19999999999999996,0.19999999999999996
1908-05,22,21,0,21,0.09090909090909083,0.0
1908-06,16,14,2,16,0.25,0.25
1908-07,27,22,5,27,0.37037037037037046,0.37037037037037046
1908-08,24,20,4,24,0.33333333333333326,0.33333333333333326
1908-09,13,13,0,13,0.0,0.0
1908-10,38,30,7,37,0.42105263157894735,0.3783783783783783
1908-11,22,21,1,22,0.09090909090909083,0.09090909090909083
1908-12,14,11,3,14,0.4285714285714286,0.4285714285714286
1909-01,24,20,2,22,0.33333333333333326,0.18181818181818188
1909-02,12,8,4,12,0.6666666666666667,0.6666666666666667
1909-03,17,12,5,17,0.588235294117647,0.588235294117647
1909-04,32,31,1,32,0.0625,0.0625
1909-05,26,26,0,26,0.0,0.0
1909-06,11,7,3,10,0.7272727272727273,0.6000000000000001
1909-07,17,15,2,17,0.23529411764705888,0.23529411764705888
1909-08,24,23,1,24,0.08333333333333326,0.08333333333333326
1909-09,24,10,14,24,0.8333333333333334,0.8333333333333334
1909-10,18,14,3,17,0.4444444444444444,0.3529411764705883
1909-11,14,11,3,14,0.4285714285714286,0.4285714285714286
1909-12,17,12,5,17,0.588235294117647,0.588235294117647
1910-01,16,15,1,16,0.125,0.125
1910-02,19,14,3,17,0.5263157894736843,0.3529411764705883
1910-03,17,15,2,17,0.23529411764705888,0.23529411764705888
1910-04,12,10,2,12,0.33333333333333326,0.33333333333333326
1910-05,22,20,2,22,0.18181818181818188,0.18181818181818188
1910-06,21,17,3,20,0.38095238095238093,0.30000000000000004
1910-07,23,18,4,22,0.4347826086956521,0.36363636363636354
1910-08,24,17,7,24,0.5833333333333333,0.5833333333333333
1910-09,11,9,2,11,0.36363636363636354,0.36363636363636354
1910-10,15,13,2,15,0.2666666666666666,0.2666666666666666
1910-11,9,5,4,9,0.8888888888888888,0.8888888888888888
1910-12,30,18,9,27,0.8,0.6666666666666667
1911-01,24,19,5,24,0.41666666666666674,0.41666666666666674
1911-02,16,16,0,16,0.0,0.0
1911-03,11,9,1,10,0.36363636363636354,0.19999999999999996
1911-04,22,20,1,21,0.18181818181818188,0.09523809523809534
1911-05,26,24,2,26,0.15384615384615374,0.15384615384615374
1911-06,4,3,1,4,0.5,0.5
1911-07,11,7,2,9,0.7272727272727273,0.4444444444444444
1911-08,13,12,1,13,0.15384615384615374,0.15384615384615374
1911-09,18,15,3,18,0.33333333333333326,0.33333333333333326
1911-10,10,10,0,10,0.0,0.0
1911-11,10,5,5,10,1.0,1.0
1911-12,29,26,2,28,0.2068965517241379,0.1428571428571428
1912-01,30,22,7,29,0.5333333333333334,0.48275862068965525
1912-02,4,4,0,4,0.0,0.0
1912-03,4,4,0,4,0.0,0.0
1912-04,10,9,1,10,0.19999999999999996,0.19999999999999996
1912-05,24,19,5,24,0.41666666666666674,0.41666666666666674
1912-06,16,13,1,14,0.375,0.1428571428571428
1912-07,17,17,0,17,0.0,0.0
1912-08,17,16,1,17,0.11764705882352944,0.11764705882352944
1912-09,25,22,3,25,0.24,0.24
1912-10,33,26,7,33,0.4242424242424243,0.4242424242424243
1912-11,28,18,8,26,0.7142857142857142,0.6153846153846154
1912-12,16,13,3,16,0.375,0.375
1913-01,17,16,1,17,0.11764705882352944,0.11764705882352944
1913-02,9,4,2,6,0.8888888888888888,0.6666666666666667
1913-03,7,3,3,6,0.8571428571428571,1.0
1913-04,11,5,3,8,0.9090909090909091,0.75
1913-05,14,10,1,11,0.5714285714285714,0.18181818181818188
1913-06,17,13,1,14,0.47058823529411775,0.1428571428571428
1913-07,21,13,4,17,0.7619047619047619,0.47058823529411775
1913-08,19,16,0,16,0.3157894736842106,0.0
1913-09,28,22,1,23,0.4285714285714286,0.08695652173913038
1913-10,17,9,4,13,0.9411764705882353,0.6153846153846154
1913-11,16,8,5,13,1.0,0.7692307692307692
1913-12,39,33,5,38,0.3076923076923077,0.26315789473684204
1914-01,48,37,1,38,0.45833333333333326,0.05263157894736836
1914-02,26,20,1,21,0.46153846153846145,0.09523809523809534
1914-03,25,18,4,22,0.56,0.36363636363636354
1914-04,37,24,7,31,0.7027027027027026,0.4516129032258065
1914-05,22,20,0,20,0.18181818181818188,0.0
1914-06,26,21,2,23,0.3846153846153846,0.17391304347826098
1914-07,33,24,4,28,0.5454545454545454,0.2857142857142858
1914-08,34,25,5,30,0.5294117647058822,0.33333333333333326
1914-09,33,30,2,32,0.18181818181818188,0.125
1914-10,32,26,3,29,0.375,0.2068965517241379
1914-11,20,15,2,17,0.5,0.23529411764705888
1914-12,26,25,0,25,0.07692307692307687,0.0
1915-01,45,37,2,39,0.3555555555555556,0.10256410256410264
1915-02,20,13,4,17,0.7,0.47058823529411775
1915-03,18,14,1,15,0.4444444444444444,0.1333333333333333
1915-04,33,25,1,26,0.48484848484848486,0.07692307692307687
1915-05,31,21,6,27,0.6451612903225807,0.4444444444444444
1915-06,15,11,0,11,0.5333333333333334,0.0
1915-07,7,5,2,7,0.5714285714285714,0.5714285714285714
1915-08,39,29,3,32,0.5128205128205128,0.1875
1915-09,21,14,2,16,0.6666666666666667,0.25
1915-10,17,11,1,12,0.7058823529411764,0.16666666666666674
1915-11,13,10,1,11,0.46153846153846145,0.18181818181818188
1915-12,23,13,9,22,0.8695652173913044,0.8181818181818181
1916-01,25,16,2,18,0.72,0.22222222222222232
1916-02,8,5,1,6,0.75,0.33333333333333326
1916-03,22,12,5,17,0.9090909090909092,0.588235294117647
1916-04,13,9,3,12,0.6153846153846154,0.5
1916-05,14,5,4,9,0.7142857142857143,0.8888888888888888
1916-06,22,9,5,14,0.8181818181818182,0.7142857142857142
1916-07,14,9,3,12,0.7142857142857142,0.5
1916-08,10,1,4,5,0.19999999999999996,0.4
1916-09,9,6,0,6,0.6666666666666667,0.0
1916-10,19,11,4,15,0.8421052631578947,0.5333333333333334
1916-11,17,7,4,11,0.8235294117647058,0.7272727272727273
1916-12,26,18,4,22,0.6153846153846154,0.36363636363636354
1917-01,32,14,12,26,0.875,0.9230769230769231
1917-02,22,12,5,17,0.9090909090909092,0.588235294117647
1917-03,26,10,3,13,0.7692307692307693,0.46153846153846145
1917-04,16,11,2,13,0.625,0.3076923076923077
1917-05,28,19,3,22,0.6428571428571428,0.2727272727272727
1917-06,29,9,12,21,0.6206896551724138,0.8571428571428571
1917-07,17,11,1,12,0.7058823529411764,0.16666666666666674
1917-08,17,10,3,13,0.8235294117647058,0.46153846153846145
1917-09,21,10,2,12,0.9523809523809523,0.33333333333333326
1917-10,15,10,2,12,0.6666666666666667,0.33333333333333326
1917-11,24,14,6,20,0.8333333333333333,0.6000000000000001
1917-12,18,5,9,14,0.5555555555555556,0.7142857142857143
1918-01,35,26,3,29,0.5142857142857142,0.2068965517241379
1918-02,13,9,1,10,0.6153846153846154,0.19999999999999996
1918-03,15,9,2,11,0.8,0.36363636363636354
1918-04,24,17,0,17,0.5833333333333333,0.0
1918-05,9,6,0,6,0.6666666666666667,0.0
1918-06,24,9,6,15,0.75,0.8
1918-07,31,21,4,25,0.6451612903225807,0.32000000000000006
1918-08,14,5,5,10,0.7142857142857143,1.0
1918-09,15,12,0,12,0.3999999999999999,0.0
1918-10,20,11,3,14,0.8999999999999999,0.4285714285714286
1918-11,35,20,7,27,0.8571428571428572,0.5185185185185186
1918-12,32,14,1,15,0.875,0.1333333333333333
1919-01,18,11,2,13,0.7777777777777777,0.3076923076923077
1919-02,30,22,2,24,0.5333333333333334,0.16666666666666674
1919-03,28,12,6,18,0.8571428571428571,0.6666666666666667
1919-04,37,24,4,28,0.7027027027027026,0.2857142857142858
1919-05,37,17,7,24,0.918918918918919,0.5833333333333333
1919-06,18,10,3,13,0.8888888888888888,0.46153846153846145
1919-07,38,13,5,18,0.6842105263157895,0.5555555555555556
1919-08,33,8,9,17,0.48484848484848486,0.9411764705882353
1919-09,28,9,5,14,0.6428571428571429,0.7142857142857142
1919-10,37,14,7,21,0.7567567567567568,0.6666666666666667
1919-11,17,5,6,11,0.5882352941176471,0.9090909090909091
1919-12,34,13,8,21,0.7647058823529411,0.7619047619047619
1920-01,32,12,14,26,0.75,0.9230769230769231
1920-02,38,14,12,26,0.7368421052631579,0.9230769230769231
1920-03,40,20,9,29,1.0,0.6206896551724137
1920-04,24,6,8,14,0.5,0.8571428571428571
1920-05,30,12,7,19,0.8,0.736842105263158
1920-06,33,15,7,22,0.9090909090909091,0.6363636363636365
1920-07,32,21,6,27,0.6875,0.4444444444444444
1920-08,28,12,8,20,0.8571428571428571,0.8
1920-09,26,14,4,18,0.9230769230769231,0.4444444444444444
1920-10,25,14,5,19,0.8799999999999999,0.5263157894736843
1920-11,25,16,4,20,0.72,0.3999999999999999
1920-12,52,35,6,41,0.6538461538461537,0.29268292682926833
1921-01,33,22,3,25,0.6666666666666667,0.24
1921-02,21,12,2,14,0.8571428571428572,0.2857142857142858
1921-03,25,13,9,22,0.96,0.8181818181818181
1921-04,23,17,3,20,0.5217391304347827,0.30000000000000004
1921-05,25,17,4,21,0.6399999999999999,0.38095238095238093
1921-06,37,19,8,27,0.972972972972973,0.5925925925925926
1921-07,33,16,9,25,0.9696969696969697,0.72
1921-08,22,13,2,15,0.8181818181818181,0.2666666666666666
1921-09,18,11,2,13,0.7777777777777777,0.3076923076923077
1921-10,14,7,2,9,1.0,0.4444444444444444
1921-11,18,14,2,16,0.4444444444444444,0.25
1921-12,32,25,2,27,0.4375,0.14814814814814814
1922-01,39,29,8,37,0.5128205128205128,0.43243243243243246
1922-02,32,24,2,26,0.5,0.15384615384615374
1922-03,33,25,4,29,0.48484848484848486,0.27586206896551735
1922-04,19,17,0,17,0.21052631578947367,0.0
1922-05,17,14,1,15,0.3529411764705883,0.1333333333333333
1922-06,29,23,0,23,0.4137931034482758,0.0
1922-07,29,19,3,22,0.6896551724137931,0.2727272727272727
1922-08,22,14,2,16,0.7272727272727273,0.25
1922-09,27,15,3,18,0.8888888888888888,0.33333333333333326
1922-10,29,23,0,23,0.4137931034482758,0.0
1922-11,17,15,0,15,0.23529411764705888,0.0
1922-12,35,29,2,31,0.34285714285714275,0.12903225806451624
1923-01,32,15,7,22,0.9375,0.6363636363636365
1923-02,40,33,1,34,0.3500000000000001,0.05882352941176472
1923-03,29,12,3,15,0.8275862068965517,0.3999999999999999
1923-04,23,12,7,19,0.9565217391304348,0.736842105263158
1923-05,29,15,3,18,0.9655172413793103,0.33333333333333326
1923-06,21,18,1,19,0.2857142857142858,0.10526315789473695
1923-07,36,22,6,28,0.7777777777777777,0.4285714285714286
1923-08,28,22,0,22,0.4285714285714286,0.0
1923-09,12,10,0,10,0.33333333333333326,0.0
1923-10,29,17,5,22,0.8275862068965518,0.4545454545454546
1923-11,15,10,1,11,0.6666666666666667,0.18181818181818188
1923-12,38,30,3,33,0.42105263157894735,0.18181818181818188
1924-01,21,16,3,19,0.4761904761904763,0.3157894736842106
1924-02,26,16,4,20,0.7692307692307692,0.3999999999999999
1924-03,22,13,4,17,0.8181818181818181,0.47058823529411775
1924-04,15,9,2,11,0.8,0.36363636363636354
1924-05,23,18,2,20,0.4347826086956521,0.19999999999999996
1924-06,20,10,6,16,1.0,0.75
1924-07,22,16,1,17,0.5454545454545454,0.11764705882352944
1924-08,22,14,2,16,0.7272727272727273,0.25
1924-09,12,10,1,11,0.33333333333333326,0.18181818181818188
1924-10,9,6,1,7,0.6666666666666667,0.2857142857142858
1924-11,25,20,1,21,0.3999999999999999,0.09523809523809534
1924-12,27,20,2,22,0.5185185185185186,0.18181818181818188
1925-01,33,21,5,26,0.7272727272727273,0.3846153846153846
1925-02,33,21,4,25,0.7272727272727273,0.32000000000000006
1925-03,29,13,3,16,0.896551724137931,0.375
1925-04,32,19,4,23,0.8125,0.34782608695652173
1925-05,19,14,0,14,0.5263157894736843,0.0
1925-06,24,15,4,19,0.75,0.42105263157894735
1925-07,29,18,0,18,0.7586206896551724,0.0
1925-08,23,17,2,19,0.5217391304347827,0.21052631578947367
1925-09,18,12,1,13,0.6666666666666667,0.15384615384615374
1925-10,18,13,1,14,0.5555555555555556,0.1428571428571428
1925-11,20,15,3,18,0.5,0.33333333333333326
1925-12,17,10,3,13,0.8235294117647058,0.46153846153846145
1926-01,34,28,2,30,0.3529411764705883,0.1333333333333333
1926-02,19,15,2,17,0.42105263157894735,0.23529411764705888
1926-03,23,16,4,20,0.6086956521739131,0.3999999999999999
1926-04,24,19,1,20,0.41666666666666674,0.10000000000000009
1926-05,24,12,6,18,1.0,0.6666666666666667
1926-06,34,18,3,21,0.9411764705882353,0.2857142857142858
1926-07,17,10,3,13,0.8235294117647058,0.46153846153846145
1926-08,27,16,5,21,0.8148148148148149,0.4761904761904763
1926-09,24,17,1,18,0.5833333333333333,0.11111111111111116
1926-10,17,9,6,15,0.9411764705882353,0.8
1926-11,38,17,5,22,0.8947368421052632,0.4545454545454546
1926-12,36,25,4,29,0.6111111111111112,0.27586206896551735
1927-01,19,15,4,19,0.42105263157894735,0.42105263157894735
1927-02,23,14,3,17,0.7826086956521738,0.3529411764705883
1927-03,23,13,1,14,0.8695652173913044,0.1428571428571428
1927-04,24,15,1,16,0.75,0.125
1927-05,21,15,4,19,0.5714285714285714,0.42105263157894735
1927-06,14,10,3,13,0.5714285714285714,0.46153846153846145
1927-07,13,11,1,12,0.3076923076923077,0.16666666666666674
1927-08,21,12,2,14,0.8571428571428572,0.2857142857142858
1927-09,20,15,2,17,0.5,0.23529411764705888
1927-10,35,21,7,28,0.8,0.5
1927-11,20,15,1,16,0.5,0.125
1927-12,30,22,2,24,0.5333333333333334,0.16666666666666674
1928-01,32,26,2,28,0.375,0.1428571428571428
1928-02,29,14,4,18,0.9655172413793104,0.4444444444444444
1928-03,13,11,1,12,0.3076923076923077,0.16666666666666674
1928-04,16,7,2,9,0.875,0.4444444444444444
1928-05,9,6,2,8,0.6666666666666667,0.5
1928-06,26,14,7,21,0.9230769230769231,0.6666666666666667
1928-07,20,12,1,13,0.8,0.15384615384615374
1928-08,18,7,9,16,0.7777777777777778,0.875
1928-09,32,22,2,24,0.625,0.16666666666666674
1928-10,28,24,2,26,0.2857142857142858,0.15384615384615374
1928-11,26,15,7,22,0.8461538461538463,0.6363636363636365
1928-12,37,29,5,34,0.43243243243243246,0.2941176470588236
1929-01,16,12,2,14,0.5,0.2857142857142858
1929-02,17,7,4,11,0.8235294117647058,0.7272727272727273
1929-03,20,13,5,18,0.7,0.5555555555555556
1929-04,19,11,5,16,0.8421052631578947,0.625
1929-05,15,10,3,13,0.6666666666666667,0.46153846153846145
1929-06,17,9,3,12,0.9411764705882353,0.5
1929-07,13,9,1,10,0.6153846153846154,0.19999999999999996
1929-08,22,11,2,13,1.0,0.3076923076923077
1929-09,35,20,4,24,0.8571428571428572,0.33333333333333326
1929-10,36,28,3,31,0.4444444444444444,0.19354838709677424
1929-11,35,23,6,29,0.6857142857142857,0.4137931034482758
1929-12,40,26,7,33,0.7,0.4242424242424243
1930-01,42,29,8,37,0.6190476190476191,0.43243243243243246
1930-02,31,19,8,27,0.7741935483870968,0.5925925925925926
1930-03,26,14,2,16,0.9230769230769231,0.25
1930-04,15,11,3,14,0.5333333333333334,0.4285714285714286
1930-05,33,20,6,26,0.7878787878787878,0.46153846153846145
1930-06,49,28,14,42,0.8571428571428572,0.6666666666666667
1930-07,38,27,5,32,0.5789473684210527,0.3125
1930-08,38,24,3,27,0.736842105263158,0.22222222222222232
1930-09,45,32,5,37,0.5777777777777777,0.2702702702702702
1930-10,24,19,3,22,0.41666666666666674,0.2727272727272727
1930-11,25,19,1,20,0.48,0.10000000000000009
1930-12,26,17,7,24,0.6923076923076923,0.5833333333333333
1931-01,31,25,4,29,0.3870967741935485,0.27586206896551735
1931-02,33,19,8,27,0.8484848484848484,0.5925925925925926
1931-03,22,15,6,21,0.6363636363636365,0.5714285714285714
1931-04,26,15,8,23,0.8461538461538463,0.6956521739130435
1931-05,25,19,4,23,0.48,0.34782608695652173
1931-06,32,19,8,27,0.8125,0.5925925925925926
1931-07,38,30,4,34,0.42105263157894735,0.23529411764705888
1931-08,29,15,5,20,0.9655172413793103,0.5
1931-09,34,17,8,25,1.0,0.6399999999999999
1931-10,24,17,3,20,0.5833333333333333,0.30000000000000004
1931-11,24,17,1,18,0.5833333333333333,0.11111111111111116
1931-12,30,19,8,27,0.7333333333333334,0.5925925925925926
1932-01,29,19,5,24,0.6896551724137931,0.41666666666666674
1932-02,18,16,1,17,0.22222222222222232,0.11764705882352944
1932-03,22,15,6,21,0.6363636363636365,0.5714285714285714
1932-04,19,11,4,15,0.8421052631578947,0.5333333333333334
1932-05,13,8,3,11,0.7692307692307692,0.5454545454545454
1932-06,16,10,2,12,0.75,0.33333333333333326
1932-07,24,16,3,19,0.6666666666666667,0.3157894736842106
1932-08,18,13,3,16,0.5555555555555556,0.375
1932-09,18,10,5,15,0.8888888888888888,0.6666666666666667
1932-10,18,11,6,17,0.7777777777777777,0.7058823529411764
1932-11,43,32,10,42,0.5116279069767442,0.4761904761904763
1932-12,26,22,0,22,0.3076923076923077,0.0
1933-01,24,17,2,19,0.5833333333333333,0.21052631578947367
1933-02,11,8,2,10,0.5454545454545454,0.3999999999999999
1933-03,19,16,2,18,0.3157894736842106,0.22222222222222232
1933-04,27,16,5,21,0.8148148148148149,0.4761904761904763
1933-05,24,16,1,17,0.6666666666666667,0.11764705882352944
1933-06,15,12,1,13,0.3999999999999999,0.15384615384615374
1933-07,23,16,1,17,0.6086956521739131,0.11764705882352944
1933-08,19,16,1,17,0.3157894736842106,0.11764705882352944
1933-09,13,7,4,11,0.9230769230769231,0.7272727272727273
1933-10,23,13,2,15,0.8695652173913044,0.2666666666666666
1933-11,10,7,3,10,0.6000000000000001,0.6000000000000001
1933-12,49,37,2,39,0.48979591836734704,0.10256410256410264
1934-01,49,33,4,37,0.653061224489796,0.21621621621621623
1934-02,30,23,2,25,0.46666666666666656,0.15999999999999992
1934-03,15,8,5,13,0.9333333333333333,0.7692307692307692
1934-04,13,4,2,6,0.6153846153846154,0.6666666666666667
1934-05,14,4,5,9,0.5714285714285714,0.8888888888888888
1934-06,20,13,4,17,0.7,0.47058823529411775
1934-07,24,15,4,19,0.75,0.42105263157894735
1934-08,13,8,1,9,0.7692307692307692,0.22222222222222232
1934-09,27,12,7,19,0.8888888888888888,0.736842105263158
1934-10,24,15,4,19,0.75,0.42105263157894735
1934-11,24,18,0,18,0.5,0.0
1934-12,31,21,3,24,0.6451612903225807,0.25
1935-01,30,23,3,26,0.46666666666666656,0.23076923076923084
1935-02,32,20,4,24,0.75,0.33333333333333326
1935-03,24,15,3,18,0.75,0.33333333333333326
1935-04,25,14,5,19,0.8799999999999999,0.5263157894736843
1935-05,17,12,3,15,0.588235294117647,0.3999999999999999
1935-06,24,14,7,21,0.8333333333333333,0.6666666666666667
1935-07,44,27,6,33,0.7727272727272727,0.36363636363636354
1935-08,21,10,7,17,0.9523809523809523,0.8235294117647058
1935-09,25,22,1,23,0.24,0.08695652173913038
1935-10,30,18,6,24,0.8,0.5
1935-11,21,13,4,17,0.7619047619047619,0.47058823529411775
1935-12,43,36,3,39,0.3255813953488371,0.15384615384615374
1936-01,36,20,6,26,0.8888888888888888,0.46153846153846145
1936-02,22,14,5,19,0.7272727272727273,0.5263157894736843
1936-03,17,12,0,12,0.588235294117647,0.0
1936-04,10,6,2,8,0.8,0.5
1936-05,24,18,5,23,0.5,0.4347826086956521
1936-06,7,4,3,7,0.8571428571428572,0.8571428571428572
1936-07,17,6,5,11,0.7058823529411765,0.9090909090909092
1936-08,18,14,1,15,0.4444444444444444,0.1333333333333333
1936-09,23,19,2,21,0.34782608695652173,0.19047619047619047
1936-10,26,14,7,21,0.9230769230769231,0.6666666666666667
1936-11,15,10,3,13,0.6666666666666667,0.46153846153846145
1936-12,30,19,5,24,0.7333333333333334,0.41666666666666674
1937-01,35,24,2,26,0.6285714285714286,0.15384615384615374
1937-02,10,8,0,8,0.3999999999999999,0.0
1937-03,13,8,2,10,0.7692307692307692,0.3999999999999999
1937-04,24,14,4,18,0.8333333333333333,0.4444444444444444
1937-05,16,11,1,12,0.625,0.16666666666666674
1937-06,34,17,11,28,1.0,0.7857142857142858
1937-07,24,10,8,18,0.8333333333333334,0.8888888888888888
1937-08,30,20,1,21,0.6666666666666667,0.09523809523809534
1937-09,30,13,12,25,0.8666666666666667,0.96
1937-10,30,13,10,23,0.8666666666666667,0.8695652173913044
1937-11,31,9,12,21,0.5806451612903226,0.8571428571428571
1937-12,38,14,9,23,0.7368421052631579,0.7826086956521738
1938-01,34,20,13,33,0.8235294117647058,0.7878787878787878
1938-02,29,16,5,21,0.896551724137931,0.4761904761904763
1938-03,17,10,4,14,0.8235294117647058,0.5714285714285714
1938-04,31,19,8,27,0.7741935483870968,0.5925925925925926
1938-05,19,7,11,18,0.7368421052631579,0.7777777777777778
1938-06,28,18,7,25,0.7142857142857142,0.56
1938-07,34,22,10,32,0.7058823529411764,0.625
1938-08,21,18,1,19,0.2857142857142858,0.10526315789473695
1938-09,17,15,0,15,0.23529411764705888,0.0
1938-10,31,22,2,24,0.5806451612903225,0.16666666666666674
1938-11,21,13,2,15,0.7619047619047619,0.2666666666666666
1938-12,47,28,6,34,0.8085106382978724,0.3529411764705883
1939-01,50,39,3,42,0.43999999999999995,0.1428571428571428
1939-02,24,19,4,23,0.41666666666666674,0.34782608695652173
1939-03,19,15,3,18,0.42105263157894735,0.33333333333333326
1939-04,19,15,2,17,0.42105263157894735,0.23529411764705888
1939-05,24,18,3,21,0.5,0.2857142857142858
1939-06,19,13,3,16,0.631578947368421,0.375
1939-07,28,14,8,22,1.0,0.7272727272727273
1939-08,23,10,10,20,0.8695652173913043,1.0
1939-09,15,11,2,13,0.5333333333333334,0.3076923076923077
1939-10,37,19,11,30,0.972972972972973,0.7333333333333334
1939-11,20,8,7,15,0.8,0.9333333333333333
1939-12,33,20,4,24,0.7878787878787878,0.33333333333333326
1940-01,18,8,3,11,0.8888888888888888,0.5454545454545454
1940-02,32,20,7,27,0.75,0.5185185185185186
1940-03,28,20,7,27,0.5714285714285714,0.5185185185185186
1940-04,20,11,6,17,0.8999999999999999,0.7058823529411764
1940-05,6,3,3,6,1.0,1.0
1940-06,18,12,4,16,0.6666666666666667,0.5
1940-07,30,21,4,25,0.6000000000000001,0.32000000000000006
1940-08,27,16,2,18,0.8148148148148149,0.22222222222222232
1940-09,29,17,3,20,0.8275862068965518,0.30000000000000004
1940-10,17,11,2,13,0.7058823529411764,0.3076923076923077
1940-11,17,10,3,13,0.8235294117647058,0.46153846153846145
1940-12,22,8,5,13,0.7272727272727273,0.7692307692307692
1941-01,39,24,7,31,0.7692307692307692,0.4516129032258065
1941-02,18,12,4,16,0.6666666666666667,0.5
1941-03,9,7,1,8,0.4444444444444444,0.25
1941-04,9,2,4,6,0.4444444444444444,0.6666666666666666
1941-05,8,5,1,6,0.75,0.33333333333333326
1941-06,16,6,2,8,0.75,0.5
1941-07,6,3,1,4,1.0,0.5
1941-08,7,4,2,6,0.8571428571428572,0.6666666666666667
1941-09,5,4,1,5,0.3999999999999999,0.3999999999999999
1941-10,9,4,3,7,0.8888888888888888,0.8571428571428572
1941-11,11,7,1,8,0.7272727272727273,0.25
1941-12,7,4,1,5,0.8571428571428572,0.3999999999999999
1942-01,34,10,8,18,0.5882352941176471,0.8888888888888888
1942-02,5,3,2,5,0.8,0.8
1942-03,11,6,3,9,0.9090909090909092,0.6666666666666667
1942-04,8,6,2,8,0.5,0.5
1942-05,14,6,3,9,0.8571428571428571,0.6666666666666667
1942-06,11,4,2,6,0.7272727272727273,0.6666666666666667
1942-07,3,2,1,3,0.6666666666666667,0.6666666666666667
1942-08,4,2,2,4,1.0,1.0
1942-09,1,0,0,0,0.0,
1942-10,6,1,2,3,0.33333333333333326,0.6666666666666666
1942-11,1,0,0,0,0.0,
1942-12,2,1,1,2,1.0,1.0
1943-01,30,9,10,19,0.6,0.9473684210526315
1943-02,10,4,2,6,0.8,0.6666666666666667
1943-03,6,3,1,4,1.0,0.5
1943-04,2,0,2,2,0.0,0.0
1943-05,1,0,0,0,0.0,
1943-06,2,0,2,2,0.0,0.0
1943-07,2,2,0,2,0.0,0.0
1943-08,2,2,0,2,0.0,0.0
1943-09,6,2,1,3,0.6666666666666666,0.6666666666666667
1943-11,5,1,2,3,0.4,0.6666666666666666
1943-12,32,9,5,14,0.5625,0.7142857142857142
1944-01,10,4,5,9,0.8,0.8888888888888888
1944-02,4,3,1,4,0.5,0.5
1944-03,8,4,2,6,1.0,0.6666666666666667
1944-04,6,1,2,3,0.33333333333333326,0.6666666666666666
1944-05,5,0,3,3,0.0,0.0
1944-06,16,4,4,8,0.5,1.0
1944-07,4,1,0,1,0.5,0.0
1944-08,5,2,3,5,0.8,0.8
1944-09,1,1,0,1,0.0,0.0
1944-10,7,7,0,7,0.0,0.0
1944-11,13,5,4,9,0.7692307692307693,0.8888888888888888
1944-12,31,6,7,13,0.3870967741935484,0.9230769230769231
1945-01,19,3,11,14,0.3157894736842105,0.4285714285714286
1945-02,1,0,0,0,0.0,
1945-03,7,3,0,3,0.8571428571428571,0.0
1945-04,7,4,3,7,0.8571428571428572,0.8571428571428572
1945-05,5,2,3,5,0.8,0.8
1945-06,6,2,2,4,0.6666666666666666,1.0
1945-07,8,4,4,8,1.0,1.0
1945-08,16,6,6,12,0.75,1.0
1945-09,6,2,2,4,0.6666666666666666,1.0
1945-10,21,10,1,11,0.9523809523809523,0.18181818181818188
1945-11,13,8,0,8,0.7692307692307692,0.0
1945-12,41,17,9,26,0.8292682926829268,0.6923076923076923
1946-01,29,14,7,21,0.9655172413793104,0.6666666666666667
1946-02,11,7,2,9,0.7272727272727273,0.4444444444444444
1946-03,17,9,4,13,0.9411764705882353,0.6153846153846154
1946-04,11,8,1,9,0.5454545454545454,0.22222222222222232
1946-05,14,9,3,12,0.7142857142857142,0.5
1946-06,18,7,3,10,0.7777777777777778,0.6000000000000001
1946-07,1,1,0,1,0.0,0.0
1946-08,17,9,6,15,0.9411764705882353,0.8
1946-09,13,5,2,7,0.7692307692307693,0.5714285714285714
1946-10,9,3,5,8,0.6666666666666666,0.75
1946-11,9,5,3,8,0.8888888888888888,0.75
1946-12,20,13,1,14,0.7,0.1428571428571428
1947-01,23,12,5,17,0.9565217391304348,0.588235294117647
1947-02,7,3,1,4,0.8571428571428571,0.5
1947-03,12,8,1,9,0.6666666666666667,0.22222222222222232
1947-04,7,3,3,6,0.8571428571428571,1.0
1947-05,8,4,1,5,1.0,0.3999999999999999
1947-06,9,5,1,6,0.8888888888888888,0.33333333333333326
1947-07,7,2,4,6,0.5714285714285714,0.6666666666666666
1947-08,14,8,4,12,0.8571428571428572,0.6666666666666667
1947-09,5,0,2,2,0.0,0.0
1947-10,4,2,2,4,1.0,1.0
1947-11,6,3,2,5,1.0,0.8
1947-12,19,5,5,10,0.5263157894736842,1.0
1948-01,63,21,13,34,0.6666666666666666,0.7647058823529411
1948-02,5,2,2,4,0.8,1.0
1948-03,12,4,2,6,0.6666666666666666,0.6666666666666667
1948-04,10,5,4,9,1.0,0.8888888888888888
1948-05,4,3,1,4,0.5,0.5
1948-06,5,0,2,2,0.0,0.0
1948-07,6,1,2,3,0.33333333333333326,0.6666666666666666
1948-08,5,4,1,5,0.3999999999999999,0.3999999999999999
1948-09,2,1,0,1,1.0,0.0
1948-10,3,0,0,0,0.0,
1948-11,12,4,2,6,0.6666666666666666,0.6666666666666667
1948-12,44,8,17,25,0.36363636363636365,0.64
1949-01,13,7,3,10,0.9230769230769231,0.6000000000000001
1949-02,19,5,4,9,0.5263157894736842,0.8888888888888888
1949-03,19,9,5,14,0.9473684210526315,0.7142857142857142
1949-04,5,2,2,4,0.8,1.0
1949-05,12,7,1,8,0.8333333333333333,0.25
1949-06,14,5,7,12,0.7142857142857143,0.8333333333333334
1949-07,28,9,10,19,0.6428571428571429,0.9473684210526315
1949-08,13,8,0,8,0.7692307692307692,0.0
1949-09,26,19,2,21,0.5384615384615385,0.19047619047619047
1949-10,6,2,2,4,0.6666666666666666,1.0
1949-11,8,4,0,4,1.0,0.0
1949-12,40,13,12,25,0.65,0.96
1950-01,24,13,5,18,0.9166666666666667,0.5555555555555556
1950-02,4,2,1,3,1.0,0.6666666666666667
1950-03,10,8,1,9,0.3999999999999999,0.22222222222222232
1950-04,17,7,4,11,0.8235294117647058,0.7272727272727273
1950-05,8,6,1,7,0.5,0.2857142857142858
1950-06,3,2,1,3,0.6666666666666667,0.6666666666666667
1950-07,20,1,5,6,0.09999999999999998,0.33333333333333326
1950-08,5,2,2,4,0.8,1.0
1950-09,4,2,1,3,1.0,0.6666666666666667
1950-10,5,1,1,2,0.4,1.0
1950-11,4,3,0,3,0.5,0.0
1950-12,16,2,2,4,0.25,1.0
1951-01,1,0,1,1,0.0,0.0
1951-02,1,0,0,0,0.0,
1951-03,1,1,0,1,0.0,0.0
1951-04,1,0,1,1,0.0,0.0
1951-05,1,0,0,0,0.0,
1951-08,4,1,1,2,0.5,1.0
1951-09,2,0,1,1,0.0,0.0
1951-10,2,1,0,1,1.0,0.0
1951-12,12,4,5,9,0.6666666666666666,0.8888888888888888
1952-01,31,9,5,14,0.5806451612903226,0.7142857142857142
1952-02,5,3,0,3,0.8,0.0
1952-03,6,2,2,4,0.6666666666666666,1.0
1952-04,4,3,1,4,0.5,0.5
1952-05,4,1,3,4,0.5,0.5
1952-06,9,5,3,8,0.8888888888888888,0.75
1952-07,2,2,0,2,0.0,0.0
1952-08,11,8,1,9,0.5454545454545454,0.22222222222222232
1952-09,2,1,1,2,1.0,1.0
1952-10,6,2,1,3,0.6666666666666666,0.6666666666666667
1952-11,33,17,6,23,0.9696969696969697,0.5217391304347827
1952-12,22,18,3,21,0.36363636363636354,0.2857142857142858
1953-01,66,25,12,37,0.7575757575757576,0.6486486486486487
1953-02,7,3,1,4,0.8571428571428571,0.5
1953-03,4,2,2,4,1.0,1.0
1953-04,12,3,4,7,0.5,0.8571428571428571
1953-05,13,5,2,7,0.7692307692307693,0.5714285714285714
1953-06,3,1,2,3,0.6666666666666666,0.6666666666666666
1953-07,6,3,1,4,1.0,0.5
1953-08,11,7,1,8,0.7272727272727273,0.25
1953-09,21,14,1,15,0.6666666666666667,0.1333333333333333
1953-10,19,5,6,11,0.5263157894736842,0.9090909090909091
1953-11,3,2,1,3,0.6666666666666667,0.6666666666666667
1953-12,35,19,8,27,0.9142857142857144,0.5925925925925926
1954-01,18,9,6,15,1.0,0.8
1954-02,16,7,5,12,0.875,0.8333333333333333
1954-03,18,12,1,13,0.6666666666666667,0.15384615384615374
1954-04,12,6,1,7,1.0,0.2857142857142858
1954-05,14,12,2,14,0.2857142857142858,0.2857142857142858
1954-06,6,4,1,5,0.6666666666666667,0.3999999999999999
1954-07,14,10,3,13,0.5714285714285714,0.46153846153846145
1954-08,6,4,0,4,0.6666666666666667,0.0
1954-09,8,5,0,5,0.75,0.0
1954-10,22,13,3,16,0.8181818181818181,0.375
1954-11,20,15,3,18,0.5,0.33333333333333326
1954-12,25,16,0,16,0.72,0.0
1955-01,9,7,0,7,0.4444444444444444,0.0
1955-02,15,9,5,14,0.8,0.7142857142857142
1955-03,8,5,2,7,0.75,0.5714285714285714
1955-04,5,4,0,4,0.3999999999999999,0.0
1955-05,7,5,1,6,0.5714285714285714,0.33333333333333326
1955-06,8,6,1,7,0.5,0.2857142857142858
1955-07,8,4,0,4,1.0,0.0
1955-08,3,3,0,3,0.0,0.0
1955-09,8,3,1,4,0.75,0.5
1955-11,8,8,0,8,0.0,0.0
1955-12,9,6,3,9,0.6666666666666667,0.6666666666666667
1956-01,20,7,7,14,0.7,1.0
1956-02,10,3,1,4,0.6,0.5
1956-03,9,3,3,6,0.6666666666666666,1.0
1956-04,11,8,1,9,0.5454545454545454,0.22222222222222232
1956-05,8,6,0,6,0.5,0.0
1956-06,1,1,0,1,0.0,0.0
1956-07,36,26,3,29,0.5555555555555556,0.2068965517241379
1956-08,10,4,2,6,0.8,0.6666666666666667
1956-09,4,1,2,3,0.5,0.6666666666666666
1956-10,3,3,0,3,0.0,0.0
1956-11,10,3,4,7,0.6,0.8571428571428571
1956-12,18,9,3,12,1.0,0.5
1957-01,14,7,4,11,1.0,0.7272727272727273
1957-02,3,0,0,0,0.0,
1957-03,1,1,0,1,0.0,0.0
1957-04,17,8,6,14,0.9411764705882353,0.8571428571428572
1957-05,13,8,0,8,0.7692307692307692,0.0
1957-06,11,8,1,9,0.5454545454545454,0.22222222222222232
1957-07,7,4,2,6,0.8571428571428572,0.6666666666666667
1957-08,14,7,1,8,1.0,0.25
1957-09,1,0,0,0,0.0,
1957-10,23,11,7,18,0.9565217391304348,0.7777777777777777
1957-11,15,6,2,8,0.8,0.5
1957-12,20,8,2,10,0.8,0.3999999999999999
1958-01,20,14,4,18,0.6000000000000001,0.4444444444444444
1958-02,8,4,3,7,1.0,0.8571428571428572
1958-03,19,11,3,14,0.8421052631578947,0.4285714285714286
1958-04,6,5,0,5,0.33333333333333326,0.0
1958-05,14,8,3,11,0.8571428571428572,0.5454545454545454
1958-06,15,9,2,11,0.8,0.36363636363636354
1958-07,5,1,3,4,0.4,0.5
1958-08,5,2,2,4,0.8,1.0
1958-09,10,7,3,10,0.6000000000000001,0.6000000000000001
1958-10,13,10,1,11,0.46153846153846145,0.18181818181818188
1958-11,3,1,1,2,0.6666666666666666,1.0
1958-12,13,8,0,8,0.7692307692307692,0.0
1959-01,25,8,7,15,0.64,0.9333333333333333
1959-02,4,2,0,2,1.0,0.0
1959-03,2,1,0,1,1.0,0.0
1959-04,1,1,0,1,0.0,0.0
1959-05,10,6,1,7,0.8,0.2857142857142858
1959-06,12,5,5,10,0.8333333333333334,1.0
1959-07,6,4,2,6,0.6666666666666667,0.6666666666666667
1959-08,2,2,0,2,0.0,0.0
1959-09,3,3,0,3,0.0,0.0
1959-10,2,2,0,2,0.0,0.0
1959-11,3,2,0,2,0.6666666666666667,0.0
1959-12,16,4,7,11,0.5,0.7272727272727273
1960-01,19,9,2,11,0.9473684210526315,0.36363636363636354
1960-02,9,7,0,7,0.4444444444444444,0.0
1960-03,10,8,0,8,0.3999999999999999,0.0
1960-04,16,11,1,12,0.625,0.16666666666666674
1960-05,10,5,1,6,1.0,0.33333333333333326
1960-06,7,6,0,6,0.2857142857142858,0.0
1960-07,5,1,3,4,0.4,0.5
1960-08,5,0,1,1,0.0,0.0
1960-09,12,11,1,12,0.16666666666666674,0.16666666666666674
1960-10,16,6,5,11,0.75,0.9090909090909092
1960-11,14,10,3,13,0.5714285714285714,0.46153846153846145
1960-12,28,8,6,14,0.5714285714285714,0.8571428571428572
1961-01,30,20,7,27,0.6666666666666667,0.5185185185185186
1961-02,20,10,4,14,1.0,0.5714285714285714
1961-03,15,10,1,11,0.6666666666666667,0.18181818181818188
1961-04,12,10,0,10,0.33333333333333326,0.0
1961-05,7,5,0,5,0.5714285714285714,0.0
1961-06,14,13,0,13,0.1428571428571428,0.0
1961-07,5,0,3,3,0.0,0.0
1961-08,3,1,1,2,0.6666666666666666,1.0
1961-09,6,5,1,6,0.33333333333333326,0.33333333333333326
1961-10,5,3,0,3,0.8,0.0
1961-11,3,3,0,3,0.0,0.0
1961-12,3,3,0,3,0.0,0.0
1962-01,9,4,2,6,0.8888888888888888,0.6666666666666667
1962-02,12,7,1,8,0.8333333333333333,0.25
1962-03,1,0,0,0,0.0,
1962-04,7,2,1,3,0.5714285714285714,0.6666666666666667
1962-05,12,7,3,10,0.8333333333333333,0.6000000000000001
1962-06,18,9,8,17,1.0,0.9411764705882353
1962-08,18,7,7,14,0.7777777777777778,1.0
1962-10,7,6,1,7,0.2857142857142858,0.2857142857142858
1962-11,24,8,7,15,0.6666666666666666,0.9333333333333333
1962-12,37,15,14,29,0.8108108108108109,0.9655172413793103
1963-01,13,6,3,9,0.9230769230769231,0.6666666666666667
1963-02,4,4,0,4,0.0,0.0
1963-03,27,15,3,18,0.8888888888888888,0.33333333333333326
1963-04,4,2,1,3,1.0,0.6666666666666667
1963-05,8,4,0,4,1.0,0.0
1963-06,2,0,2,2,0.0,0.0
1963-07,6,5,1,6,0.33333333333333326,0.33333333333333326
1963-08,3,0,2,2,0.0,0.0
1963-09,7,7,0,7,0.0,0.0
1963-10,6,4,0,4,0.6666666666666667,0.0
1963-11,2,0,2,2,0.0,0.0
1963-12,4,3,1,4,0.5,0.5
